-0.7468950000000001,0.015564999999999996,0.0,0.03112999999999999,-2.944169807919028e-11,1.0000000000006202,-0.7877953731343285,0.059907544172177245,44.0,0.0008047290286535236,0.030001420075340728,3.160276600219034,-0.8739682500000001,0.048603561746414226,23.0,-0.0012172879924953102,0.17081035041918985,2.2234494327242027,-0.9192219999999999,0.02757798244977323,6.0,-0.00258690909090909,0.5126619449137914,4.303540577729123,-0.6816657142857142,0.1454096614354614,7.0,-0.007333582417582415,-0.7188533285711769,1.9391889063911143,-0.6033594444444444,0.042978909811444116,45.0,3.6262782172486976e-05,0.41279402624613054,3.790014077796876,0.40650406504065045
-0.6791149999999999,0.046765,0.0,0.09353,1.6283159343911384e-12,0.9999999999998948,-0.715248208955224,0.056192336199329056,42.0,0.0008147002953148691,0.29272809171036834,3.6968904195747725,-0.7911745,0.04386845899675528,26.0,-0.0007720187617260786,-0.17762820205003585,3.2886827838577837,-0.8293849999999999,0.027116019342816516,5.0,-0.0009295151515151522,0.3852726121136967,3.485177945830279,-0.6061728571428572,0.14915596901175873,7.0,-0.006899384615384612,-0.801878661855775,1.905807265976804,-0.5192556944444444,0.03702170211234925,41.0,-0.00024906119364589356,0.5217381428980119,3.7025467218273524,3.8211382113821135
-0.49583,0.06683000000000003,0.0,0.13366000000000006,1.859798318743503e-13,0.9999999999999785,-0.5336029850746269,0.04697426405625364,45.0,0.0004888159470029532,-0.03460329939655817,3.1276625682280383,-0.5876927500000001,0.04059244707993717,22.0,-0.0009014118198874295,-0.22866018836346094,2.936884724012585,-0.6109530000000001,0.018320711803857394,6.0,0.003315696969696969,-0.08151152095250476,1.5232662044098506,-0.4108757142857143,0.14141029941851002,7.0,-0.008262725274725278,-0.8302432636336465,1.9041204661121403,-0.32990125000000003,0.02650635468553301,41.0,-0.00018448726606212619,0.21249520066601213,2.9713171233684124,18.86178861788618
-0.229705,0.07072499999999998,0.0,0.14144999999999996,-4.903558800217723e-15,1.0000000000000009,-0.2851117910447761,0.05048511759206564,44.0,0.0006110148455583046,-0.5853302094650311,3.6976002330345668,-0.32730075,0.042961535493246744,26.0,-0.00032727485928705434,-0.3675273188412345,1.9545033383271149,-0.336543,0.029066839886716277,5.0,0.0027972727272727272,-0.5901565375769667,1.7979235749278646,-0.17680614285714286,0.11137308937264946,9.0,-0.0049084835164835165,-0.8333619832204394,1.9714220153798712,-0.09925297222222224,0.027743378541841206,51.0,-0.00031369023731429656,-0.24668403200553393,2.8036973188309298,27.967479674796746
0.051089999999999997,0.08659,0.0,0.17318,0.0,1.0,-0.005357501492537314,0.048815407633654447,41.0,0.0005720883989145183,-0.4145811357082526,2.8954575073426603,-0.03349885625,0.04896547211846985,22.0,-0.0003630259427767352,-0.6486953689323391,3.2801380639443405,-0.0336186,0.032669822898265,5.0,0.002886290909090909,-0.7146423722261493,2.0385598244472405,0.0898267642857143,0.09498595662118846,9.0,-0.0030342780219780215,-0.9922976823374046,2.542493765216436,0.15047644444444447,0.03288437347353471,47.0,-0.00038409888095697483,-0.3269435784419092,2.9255707706422163,40.16260162601626
0.28824500000000003,0.05142500000000001,0.0,0.10285000000000002,0.0,0.9999999999999994,0.28983238805970146,0.048503181064767795,43.0,0.000580649692712906,0.14093782309730563,3.273510533651728,0.273775275,0.05464949896110096,22.0,-0.0008304175422138837,-0.6398437506367417,3.814041229885872,0.27726,0.03416251600804602,6.0,0.004023878787878789,-0.8858816921511484,2.3751774713425937,0.36307,0.07530518223488056,9.0,-0.0015372747252747252,-1.143640532576866,3.0117821271675917,0.41518402777777774,0.03448041048752345,50.0,-0.0003817629751109396,0.0797828761494691,2.776345501057858,46.17886178861789
0.5423549999999999,0.03142499999999998,0.0,0.06284999999999996,-2.68315421220045e-12,0.9999999999998641,0.5734437313432835,0.04640757963168416,42.0,0.00015905978130736684,-0.273294489927504,2.4620323310363035,0.576483,0.055052727098664246,30.0,-0.0011246228893058167,-0.8043988126922083,4.647676964794013,0.5864369999999999,0.036053932670375925,7.0,0.005397030303030309,-0.34776218855660995,2.14642783241321,0.6452764285714286,0.05607433479729548,8.0,-0.0012969010989010992,-1.3351695929308378,3.6006743421150684,0.6689868055555555,0.03190195595825108,51.0,-0.0002954992282461893,0.036961567850528475,3.4506603442947807,50.73170731707317
0.8104450000000001,0.03835499999999997,0.0,0.07670999999999994,-3.93526754838623e-12,0.9999999999999951,0.8360885074626866,0.051702264197474625,39.0,0.00020837536914358683,-0.5055697247095935,3.239905512495945,0.862476,0.0559253997214146,24.0,-0.001697485928705441,-0.12542777192473922,3.385448344904365,0.897034,0.05900417598780615,6.0,0.004616606060606058,-0.4307135060075813,1.6619183453908315,0.911302142857143,0.045947248041107086,5.0,0.00019650549450549203,-0.523245828374619,2.3789841347217675,0.9097470833333333,0.0324907609704282,44.0,-0.0003743705382982829,0.5116624975596424,4.843047098625822,51.056910569105696
1.04075,0.031750000000000056,0.0,0.06350000000000011,1.3875192984131875e-11,1.000000000000523,1.0896017910447764,0.05944436555967402,46.0,0.00030658751696065125,0.1928483142433766,2.9788434245827173,1.1517149999999998,0.05838874698946709,28.0,-0.0023250844277673557,-0.06179236148232476,3.3206720609777247,1.18435,0.08523938350316712,6.0,0.003969090909090903,-0.24079354684837617,1.903120037649064,1.1554214285714284,0.05074227849171352,9.0,0.0039804395604395625,0.22792741324526297,2.3174606272859046,1.1323430555555556,0.04480307785306747,54.0,-0.00035662261238664884,-0.010601212867262523,3.5737946159248213,56.34146341463414
1.2846,0.022699999999999942,0.0,0.045399999999999885,-3.796580821474797e-11,0.9999999999997683,1.3483865671641793,0.05946173709006386,46.0,6.816585521589866e-05,0.08509443844895755,2.6363297546937314,1.4390025,0.055665619944001335,27.0,-0.0014166697936210152,-0.30884167302399645,1.984287537088861,1.4733,0.06439231320584783,6.0,7.393939393939387e-05,-0.3321109645380973,1.602035737369208,1.4106285714285713,0.07242897435785359,7.0,0.002737582417582412,1.0262276496939293,3.463448826703093,1.3616180555555557,0.04765833355595059,50.0,-0.0004217522027140011,-0.40324862908385645,3.042120496445039,58.292682926829265
1.3991,0.006299999999999972,0.0,-0.012599999999999945,1.776022947091191e-09,1.0000000000037303,1.507825373134328,0.05027241712279441,46.0,-5.023545374730673e-05,0.05423918494315868,2.9971285510907255,1.5677825,0.04946621012115238,24.0,0.000676613508442776,0.32312763773457764,2.453241767104485,1.61169,0.04171051306325542,7.0,-0.005073333333333328,0.1004557126776336,1.3868908960107396,1.5531357142857145,0.050317358651191725,11.0,0.0032450549450549464,-0.4822493308719787,1.9234996241685889,1.4883750000000002,0.050073428721118036,51.0,0.00040515467232619425,-0.5844082282539268,3.3818725049047482,58.536585365853654
1.4998,0.02960000000000007,0.0,-0.05920000000000014,5.137080161029227e-11,1.000000000000483,1.5367835820895523,0.05360174478396251,43.0,-0.0002254250139675949,-0.11794544189791235,2.924730233182191,1.5191124999999999,0.06430397416762045,27.0,0.0015842495309568475,0.1240931426470831,2.5401581174517545,1.55216,0.06306519166703611,5.0,-0.004516363636363634,0.3541508207205773,2.43935445639296,1.5089142857142854,0.07101355863639058,11.0,0.00067296703296703,-0.022968084886647366,1.6495506478168644,1.4499666666666666,0.05844447507392522,49.0,0.00047583445880764033,-0.2535074128264694,2.617584156684968,63.25203252032521
1.47905,0.05895000000000006,0.0,-0.11790000000000012,2.167797908004907e-12,1.0000000000000395,1.524776119402985,0.04925634466156192,38.0,-0.000151656157714103,-0.08128260646770177,2.869580492646305,1.4947949999999999,0.053745836815515285,26.0,0.0015322889305816136,-0.27401907913588286,2.7610203406799143,1.5275400000000001,0.055783890147604424,5.0,-0.0014969696969697058,-0.368985196363565,1.78990224693353,1.4741142857142855,0.0653515969543958,6.0,-0.004289670329670329,1.1277949110008292,3.726965117139806,1.4548069444444445,0.055790347448652425,44.0,0.00027804521191073395,-0.09412657991612589,2.8380386554857973,65.85365853658537
1.36995,0.0746500000000001,0.0,-0.1493000000000002,-1.0675317118837924e-12,0.9999999999999614,1.4833850746268655,0.08001113216153456,41.0,-0.0005633969191475768,-0.20608560355646655,2.5996944571803757,1.535615,0.0539849819394246,27.0,0.001411444652908068,-0.44627376271337416,2.355303060980355,1.5970299999999997,0.06062839351327067,5.0,-0.004430909090909094,0.1328865019112791,1.7301088063113446,1.5028928571428568,0.06356316840396664,6.0,-0.007431428571428576,0.3565723528385653,2.8553038975564253,1.4793805555555555,0.06717214336416401,52.0,0.00030783973245867885,-0.2041005682550538,2.8955140429213304,62.764227642276424
1.19555,0.056949999999999945,0.0,-0.11389999999999989,-2.4043021007283614e-12,0.9999999999998314,1.3257313432835822,0.10632972683423648,39.0,-0.0007522866948679068,0.042478170613931686,2.291994135980931,1.45009,0.10044301568551194,27.0,0.0009976360225140712,-0.13872352415961284,2.3167900820453085,1.49697,0.1126497230356116,5.0,0.0028418181818181663,-0.8052550317649865,2.350111657134678,1.4188142857142858,0.10699876405923614,11.0,0.0060232967032967065,0.3533977474827677,1.8788736768350154,1.3584791666666667,0.09321057542751132,55.0,0.0008518795420927388,0.12071541409779644,2.7975570772395577,60.16260162601627
0.9654050000000001,0.10929499999999998,0.0,-0.21858999999999995,1.7007455458486216e-13,1.0000000000000224,1.0946962686567165,0.11817937090276204,41.0,-0.0004930265783382545,0.35038438545185735,2.4449377729198787,1.21245475,0.12639443882124524,27.0,0.0012664061913696062,0.07309214616883919,2.312008765282122,1.28226,0.13915720031676404,5.0,0.010484848484848486,-0.6789594917622652,2.46314750282508,1.2327,0.16130434410942388,11.0,0.008250549450549448,0.999317133993136,3.19492117190552,1.1489680555555557,0.11113853199247035,51.0,0.00036096147662229087,0.5168182656809549,3.1382571331933224,62.35772357723577
0.745965,0.09459499999999998,0.0,-0.18918999999999997,-6.558064587360756e-14,0.9999999999999964,0.8380482089552238,0.11971228230263424,43.0,-0.00029492856572751206,0.20717520382891944,2.745404547007144,0.9330135,0.1390196338750394,27.0,0.002335157598499064,0.18768526722592832,2.4036842020373816,1.0206719999999998,0.1290582964245228,5.0,0.007423393939393932,-0.4503364102280726,2.377107388478672,0.9978035714285715,0.13702803637041075,11.0,0.008633604395604398,1.2394745072199054,3.5326322389763125,0.9483151388888889,0.10437201128113609,51.0,0.00020997347096276287,0.7427885159672595,4.067269176833061,67.47967479674797
0.5119900000000001,0.07892000000000002,0.0,-0.15784000000000004,5.6466258078000285e-14,1.0000000000000127,0.5759208955223881,0.12164171866017441,40.0,-0.00016305211908372607,-0.053666619068045096,2.65104863998312,0.6365495,0.13372061131235527,27.0,0.001699774859287054,0.24895285763377095,2.587389262963526,0.729523,0.13314279289920278,5.0,0.007110848484848483,-0.29883493508539016,2.1591886691060123,0.758822142857143,0.14141071368679306,10.0,0.0074667472527472495,1.1051702500838834,3.183268036409885,0.7291526388888889,0.10993764212287013,51.0,0.00030055550196154133,0.6878894727633958,3.4267764176793025,66.42276422764228
0.31267,0.06620999999999999,0.0,-0.13241999999999998,3.586003776279199e-14,1.0000000000000024,0.29183908059701497,0.1266357309211001,40.0,-0.00017059852342565262,-0.04156145590243686,2.438710838462334,0.347301825,0.13458556744277736,26.0,0.0019234811444652903,0.27328252284747895,2.3646787391906687,0.4310090000000001,0.13327034489713005,5.0,0.0034096363636363634,-0.41825593687676943,2.1883362188187863,0.4976378571428572,0.1466580794218098,7.0,0.007202175824175825,0.8442804153612291,2.623548353962157,0.4899730555555555,0.11636637041209888,51.0,0.00022765386841597536,0.7611173065509012,3.5814498803822725,60.32520325203252
0.030395500000000002,0.0566425,0.0,-0.113285,6.525309256878827e-16,1.0,0.0015230567164179057,0.1242072137899877,38.0,3.138563333067277e-05,0.04677622937796491,2.2761303340263765,0.05023111,0.13622246989921266,27.0,0.0019439175984990622,0.2980174991131689,2.529387741213734,0.13254289999999996,0.13359255024023609,5.0,0.004912357575757574,-0.42768699537606736,2.1103992340978532,0.2274308071428571,0.15253163494013985,7.0,0.005660736483516482,0.5858496607991237,2.227915866591528,0.23848745833333337,0.1225125466053191,51.0,0.00020686023216927128,0.8665223029166148,3.993173425423839,60.081300813008134
-0.25505500000000003,0.047685000000000005,0.0,-0.09537000000000001,-9.59922442321493e-14,1.0000000000000182,-0.27467998358208956,0.12058318553108373,40.0,2.512822252374492e-05,0.03990897762462071,2.310144373499532,-0.2407306125,0.13414652852745795,27.0,0.0026897368011257047,0.24069602771000578,2.402213054639275,-0.1653925,0.133058742139891,5.0,0.002784975757575758,-0.5607589645693454,2.2060024371270073,-0.036648285714285724,0.15794712186652332,7.0,0.0051986417582417606,0.3040537446657225,2.2845991195873703,-0.012014009722222222,0.11970613693081691,53.0,9.120841050871437e-05,0.9229738881512783,3.9663719479582675,62.764227642276424
-0.5090749999999999,0.016465000000000007,0.0,-0.032930000000000015,2.4872819868150897e-11,0.9999999999992617,-0.5261844776119403,0.1104514587957092,44.0,0.00034646300582648256,0.15256381199570132,2.361933191995801,-0.51474775,0.1240695096606636,26.0,0.0020688752345215766,0.27009332075192627,2.3816680047348844,-0.457676,0.12828079429127337,5.0,0.007204606060606055,-0.552662960934167,2.31103872134664,-0.2901541428571429,0.16806799775892456,7.0,0.004239336263736265,-0.12889090897073596,2.2655982993869253,-0.2489559152777778,0.11164492148928458,53.0,7.990212393079948e-05,1.0408207681481885,4.300232542794738,63.90243902439025
-0.665655,0.030774999999999997,0.0,0.061549999999999994,1.9045222437182056e-12,0.999999999999936,-0.7027370149253732,0.08372376686077847,40.0,0.0002837385266182457,0.4772540160005628,2.7595507084530855,-0.732155,0.08997539310833823,31.0,0.0007242889305816133,0.3978492687400154,2.509528648729575,-0.716855,0.10427475324832947,5.0,0.004721393939393935,-0.5124181891645275,2.05655608673764,-0.5161742857142857,0.17084524855278016,7.0,0.0015044395604395624,-0.5953027615532099,2.53047079716289,-0.4494894444444445,0.09490955917036799,49.0,0.00031835616438356167,1.0982325230437366,4.2046050002076685,64.8780487804878
-0.73505,0.050980000000000025,0.0,0.10196000000000005,-4.1896789110418776e-13,1.0000000000000322,-0.7682337313432834,0.06438024615541868,40.0,0.000637032883709793,-0.004497340065298407,2.6329066103685475,-0.8508682499999999,0.05103792030870282,25.0,7.080956848030071e-05,0.15293619498804908,2.560042867141004,-0.8705130000000001,0.053605179982908355,5.0,0.00585424242424242,-0.6150112640077097,1.8314628665988146,-0.648517857142857,0.15637995533674526,7.0,-0.0021074505494505505,-1.0709887982671753,2.766945715370959,-0.574108888888889,0.06453633594416998,45.0,0.0002501540291980192,0.8815314053165361,3.6987534446848533,64.22764227642277
-0.6353899999999999,0.07193,0.0,0.14386,1.4915920269294897e-13,0.9999999999999722,-0.7081528358208955,0.07356632892607605,39.0,0.00035830433394524677,-0.202097674681039,4.34202047196831,-0.8197132500000001,0.05916918050757083,27.0,-0.0009320590994371486,0.5300010205884108,3.185917459609911,-0.8932749999999998,0.04128596329262526,5.0,0.00024369696969697423,-0.021760178127119452,1.9890062742253933,-0.6375964285714285,0.15946163764398646,9.0,-0.007414923076923075,-0.5800398984797381,1.998599694381167,-0.54630625,0.06244885303718334,46.0,0.0001466359572962891,0.5461728334366355,3.211572357583612,61.300813008130085
-0.42971,0.0615,0.0,0.123,5.966159992224862e-14,0.9999999999999923,-0.5200468656716417,0.09951393245602624,41.0,0.00033149373453587665,-0.4055928265766577,3.5694783333853453,-0.645161,0.10187880885640546,29.0,-0.0015912138836772986,-0.09294239727932037,2.546576166575061,-0.75505,0.09590285574475872,5.0,-0.005046181818181825,0.17927334400527747,1.8110786294196568,-0.4918392857142857,0.1858691589903379,11.0,-0.010004725274725275,-0.48435447851473973,2.237881563743092,-0.3857631944444445,0.09570121489746658,51.0,-7.493070293909582e-05,-0.014820694294977376,2.737976423245985,61.138211382113816
-0.194825,0.032615000000000005,0.0,0.06523000000000001,-5.000093289110275e-14,1.0000000000000018,-0.2804018507462686,0.11350958700693604,39.0,0.00012885258200973738,-0.2877362213863812,3.2145750868434995,-0.397772,0.11836279783360987,30.0,-0.0023178161350844288,-0.26389450349266325,2.2379590734765165,-0.527166,0.12347476148590043,5.0,-0.00875539393939394,0.17550322725285436,1.7187530563941504,-0.28132236,0.19697697729853522,11.0,-0.010398735296703295,-0.6520071583046306,2.8431836657104173,-0.166597275,0.11684378000443554,51.0,-0.0001546628046819732,-0.401161256675532,3.1222591938233033,59.02439024390244
0.080172,0.023418,0.0,0.046836,-8.442301696643643e-15,0.9999999999999952,0.001997996865671641,0.12504458638040758,43.0,6.428054633250854e-05,-0.2533616455495974,3.2034508371212436,-0.112405995,0.12727019239441328,30.0,-0.00241517694183865,-0.29878365511390786,2.229770450069744,-0.2461992,0.13651915232435338,5.0,-0.010684533333333334,0.15765413070017265,1.690935078364224,-0.03945957142857143,0.18731245562036342,11.0,-0.008798136263736264,-0.7208363315080799,3.2294073419243965,0.07449327777777777,0.12358861318854292,51.0,-0.00020820650845713545,-0.4920826525376281,3.1813190100945734,54.796747967479675
0.37601,0.04307,0.0,0.08614,3.473966476253041e-13,1.0000000000000278,0.29005115970149253,0.13095295765337597,45.0,0.00018615339612099936,-0.1464247596457714,3.44267006885548,0.18536015,0.12688290996260096,30.0,-0.0021949797373358353,-0.32713331005219354,2.223237135371511,0.037531300000000004,0.1342257199236048,5.0,-0.013037545454545461,0.19047307033541297,1.7230909449087886,0.2149154285714286,0.17095589847205553,11.0,-0.007682259340659341,-0.6884748925817636,3.342782343212338,0.3200093472222222,0.12247324068559717,51.0,-0.00021925543443308227,-0.6414758344719766,3.293397049554317,57.39837398373984
0.64032,0.01632,0.0,0.03264,0.0,0.9999999999999397,0.5779638805970149,0.13038086099308893,43.0,7.32576422699339e-05,-0.19208410915476531,3.572293369802086,0.4790072499999999,0.12743593929868255,28.0,-0.0022769484052532836,-0.35696151458530323,2.248890053645871,0.319243,0.1346927593488232,5.0,-0.012576424242424243,0.09604035465164082,1.6047942850907242,0.46370000000000006,0.15378236597774886,11.0,-0.006220219780219777,-0.4112213886001666,2.857434064595632,0.5575462500000001,0.12053872940813003,53.0,-0.00012986092353205975,-0.6709812456399177,3.2232111200906903,63.00813008130082
0.953405,0.047494999999999954,0.0,0.09498999999999991,1.0362547965057018e-12,1.0000000000000298,0.8633495522388059,0.13519354298182518,41.0,1.7649453268417378e-05,-0.13022664544832785,3.613504907445706,0.7699239999999999,0.1273352052615458,28.0,-0.0022222589118198873,-0.3918098051558111,2.297063094755961,0.610066,0.13334718903673973,5.0,-0.014068727272727274,0.2939872098654849,1.953254010147717,0.7110407142857144,0.13712264658557555,11.0,-0.005564065934065932,-0.4200318234265171,2.733425205614107,0.7923361111111111,0.11813473501984872,53.0,-9.801659270692668e-05,-0.6711317293530424,3.1753553245541206,64.55284552845528
1.2489,0.06320000000000003,0.0,0.12640000000000007,-3.5184305419582736e-12,0.9999999999998165,1.1415391044776122,0.13760279836762412,41.0,4.426171282624316e-05,-0.2130010452744164,3.181787301624846,1.0585437500000001,0.12733682014027797,28.0,-0.002621297373358351,-0.3728787987697875,2.3673369355472134,0.900684,0.1415630347371799,5.0,-0.01412448484848485,0.33684996041551213,2.0825115035122232,0.9545492857142859,0.12243818583060515,11.0,-0.0026524175824175827,-0.5863032493419581,2.4589019904493434,1.0230337500000002,0.11720160382906102,53.0,-0.00015572882500482392,-0.6293967386340759,3.1800793823926643,59.34959349593496
1.5468000000000002,0.047799999999999954,0.0,0.09559999999999991,4.0661793577348035e-12,1.0000000000002298,1.4168820895522387,0.13598957809647638,43.0,1.0894724239760688e-06,-0.6708738185493924,2.7858787617976186,1.3486425,0.1278444619205306,28.0,-0.0024909849906191357,-0.43193299252484246,2.2832615964247607,1.18492,0.14017702950198366,5.0,-0.013734545454545465,0.4598888454889782,2.317838403467114,1.197417142857143,0.11538107219300818,8.0,-0.0015500659340659342,-0.6091383086214555,2.3516185613598304,1.2545720833333336,0.12102993546062961,53.0,3.546369541448735e-06,-0.613434692837466,3.000239189568446,59.59349593495935
1.70475,0.09115000000000006,0.0,0.18230000000000013,0.0,0.9999999999999982,1.5793432835820895,0.08158372171530043,43.0,-0.00031956261473381795,-0.7389984639707646,3.372647026216948,1.5408750000000002,0.0774633195454468,26.0,-0.0008952908067542222,-0.06334634251191108,2.1962223905878244,1.43544,0.10855902726166997,5.0,-0.01001939393939394,0.31752335250381825,2.2635030270486642,1.4038428571428572,0.10454029786427345,9.0,0.001265934065934068,-0.7575169553892096,2.980275622038468,1.460688888888889,0.10336975776786775,51.0,-0.00022481831629043699,-1.0061722314918085,3.448126724606578,58.69918699186992
1.5931000000000002,0.027100000000000013,0.0,0.054200000000000026,0.0,1.0000000000007072,1.5626373134328357,0.08065646856353535,48.0,-0.0008163700215500036,-1.3111006130907406,6.092064180203451,1.57157,0.0710623817501215,28.0,0.0009448780487804898,0.24212621790267352,3.07140323470583,1.54498,0.051936842414609725,5.0,0.005341818181818168,-0.2954303025547899,1.8043280040021434,1.5464214285714288,0.08212674158685142,11.0,0.0009971428571428564,-0.426403334115077,2.0388793717677824,1.5812499999999998,0.0656306098131386,47.0,-0.00036678564537912433,-0.8616934851280414,3.3012861618041467,60.56910569105691
1.5315500000000002,0.04464999999999997,0.0,-0.08929999999999993,4.988911862468177e-12,1.0000000000003169,1.513868656716418,0.06721839036062378,48.0,-4.6041184452070996e-05,-0.6039570713957807,3.4892237326409057,1.4939525,0.0719397594779827,28.0,0.00210327392120075,0.16105854555019816,2.613390856836517,1.53514,0.04974189783271242,4.0,0.013589090909090908,-0.9442561290373546,2.364690581000425,1.5618285714285716,0.05251003208328629,11.0,0.004147252747252743,-0.24024897904879255,1.704477703875936,1.5664194444444446,0.04769563990930433,43.0,-4.029198019165196e-05,-0.14722640876621543,2.9662170539970245,63.33333333333333
1.4634,0.024699999999999944,0.0,-0.04939999999999989,0.0,1.0000000000003304,1.5153119402985076,0.04891632673871144,44.0,0.0005044696304573387,-0.1963281640325461,3.5539619402514444,1.48148,0.05857639968451459,26.0,0.0021250469043151998,-0.313728433766035,2.7051184458704136,1.5071599999999998,0.04429212571101096,5.0,-0.0040484848484848394,0.17209791223501714,1.4991792675484914,1.4778428571428572,0.04340111444069008,10.0,0.0016109890109890041,-0.16049066370824716,1.5395599633345185,1.4678541666666667,0.050664010175699006,43.0,0.00014532928162582802,-0.14894821676574946,2.466429939712207,64.47154471544717
1.4822000000000002,0.005099999999999993,0.0,0.010199999999999987,6.695602895732484e-09,1.0000000000325477,1.557123880597015,0.04996461759892333,41.0,4.513528613617092e-06,-0.35443949797293395,2.8909605209889024,1.519765,0.053413610390985536,25.0,0.0009935459662288929,-0.2683792240494005,1.8764159865567251,1.53294,0.05008037939153416,6.0,-0.008219393939393945,-0.33283339970847375,1.7919395133380065,1.4522499999999998,0.06220739218820497,7.0,0.0015408791208791264,0.23812088793105063,2.412474607645339,1.423084722222222,0.05613626937027191,45.0,0.0003341227731686928,-0.08582229118808885,2.5543098003016937,65.77235772357723
1.63945,0.00605,0.0,0.0121,0.0,1.0000000000100528,1.6163238805970153,0.0608150022966698,39.0,-0.0002839731822172554,0.37049596540829105,2.657549715807137,1.5728075000000001,0.05387105617815563,25.0,0.0009038742964352701,0.10258313027376678,2.022639637628552,1.5583000000000002,0.058464809928708374,7.0,-0.0009466666666666621,-0.00538847384860139,1.4954723755428814,1.450407142857143,0.062143571834970705,9.0,-0.001539999999999999,0.7003521212620816,2.8368104173315016,1.4595486111111111,0.062455530831178774,53.0,0.00035731719081613016,-0.2880832820880415,2.723936810107008,65.3658536585366
1.6704500000000002,0.01605000000000001,0.0,0.03210000000000002,2.1482019505276606e-10,1.0000000000029468,1.678989552238806,0.06242196593461948,45.0,-0.00034996408332668146,0.2379804835682958,3.1292477554601676,1.6608525,0.06989063595182118,23.0,0.00047798311444652807,0.04242696293694412,2.2472012493232123,1.64147,0.07817594323063842,7.0,-0.006673333333333335,0.5099033172047882,1.5428758433964485,1.5285142857142857,0.07891995815963389,9.0,-0.0026272527472527424,0.9477748336530847,5.151944441123104,1.537388888888889,0.06355528554721199,51.0,0.00023089909318927258,-0.42308398620894583,2.3856913846550563,60.16260162601627
1.68995,0.03815000000000002,0.0,0.07630000000000003,4.798857397361583e-11,1.0000000000008062,1.6698000000000002,0.057221666390254756,39.0,-6.354856732380863e-05,-0.8501073999773255,4.402541378975299,1.6456975,0.04365070152643598,27.0,-0.0012337054409005625,-0.22266508260989828,2.7273994883642327,1.6586299999999998,0.039966937585959726,5.0,0.006216363636363636,0.19438744585749565,2.724878412226607,1.5618928571428572,0.06531912282113443,7.0,-0.002552747252747249,0.8808121362115378,2.9787800584386366,1.5370625,0.04093986931226766,43.0,-0.00021798990288764605,-0.21074968533489608,2.7926901021957686,58.94308943089431
1.48665,0.0021499999999999853,0.0,-0.0042999999999999705,2.2342143960290286e-07,1.0000000003381548,1.4270671641791044,0.07340287600217689,47.0,0.0005107231223561342,-0.16003622942661394,3.4631830665860415,1.404555,0.060846449978614194,21.0,-0.0012232082551594744,-0.07619844653697341,2.3250594641872393,1.42198,0.06221632904632031,4.0,0.008139393939393943,0.3544038194555838,2.0828253454398022,1.3606642857142857,0.0632312604327825,9.0,-0.002385714285714288,0.6397303111635931,3.2610763490578005,1.3447097222222222,0.0588287631835025,51.0,-0.00023933211138979984,0.4526407882899702,2.5751939264723025,58.69918699186992
1.21245,0.00924999999999998,0.0,0.01849999999999996,-2.8055307119412094e-10,0.9999999999994104,1.1407050746268657,0.06493919197869016,45.0,0.0005469694309202649,-0.3174072058002023,3.655945196148428,1.1193000000000002,0.05716653304163197,23.0,-0.00093076923076923,-0.18884956466688627,2.5495909956547873,1.1385299999999998,0.04888856819339259,6.0,0.009308484848484835,-0.0008675121481497497,1.571107328222828,1.1164571428571428,0.03481563101920324,9.0,-0.002138021978021977,0.907046695643178,3.2151056395658864,1.1026972222222224,0.04971262686744413,50.0,-0.00025329281625828044,0.4200530746636436,2.664971686357864,59.18699186991871
0.919905,0.011295,0.0,0.02259,1.5409250655684245e-10,1.0000000000001263,0.8556892537313433,0.059728682534888805,43.0,0.0004203655519195467,-0.32535820684825933,3.408677433373814,0.83104775,0.0500612035156717,27.0,-0.0008890234521575982,-0.1432164938475909,2.155665659031155,0.852021,0.03843599132323764,5.0,0.005096787878787879,0.21493861557115712,1.8013759167422876,0.8720564285714285,0.024908185288931736,9.0,-0.002599714285714285,-0.029008914353664945,1.8093021135555256,0.8714284722222223,0.045146001473605445,51.0,-0.0003100918065470447,0.4706086172877653,2.800401967225926,60.97560975609756
0.63985,0.0012900000000000134,0.0,0.0025800000000000267,-2.585896290996378e-08,0.9999999999752877,0.5664598507462687,0.05491511787859072,39.0,0.00044460451751935525,-0.4709610738011225,3.7975429852838127,0.5404852499999999,0.04004486877163539,30.0,-0.0007331247654784244,-0.37594153927012325,2.4603509843570968,0.549088,0.03959115224390419,5.0,0.006488848484848489,0.24317110411338755,2.6450527950117557,0.6205671428571428,0.0324971094161952,7.0,-0.0022856263736263757,-0.7759086099724184,3.1500060615604157,0.6337105555555556,0.04007750688384559,47.0,-0.00027709499003151323,0.33294801825844766,2.6691478582530466,57.47967479674797
0.32987500000000003,0.0023450000000000137,0.0,-0.0046900000000000275,-5.380984065642553e-10,1.0000000000021265,0.2730337313432836,0.05066026111486528,40.0,0.0003740757442732858,-0.12502267028723565,2.763333548478832,0.24025825000000003,0.0392017331177781,24.0,-0.0006300365853658535,-0.5831137701514951,3.1320755843768215,0.239757,0.03599059906420009,6.0,0.00744648484848485,0.5632854375031952,2.7718955181232525,0.3632257142857143,0.05305106673416335,7.0,-0.0022547692307692295,-0.6511288506815114,2.3211731337646393,0.39213527777777774,0.03810709375388372,49.0,-0.00021105858897678295,0.23927398722877097,2.6281573425910074,54.95934959349593
0.041796,0.008957,0.0,0.017914,-1.8859603740780758e-14,0.9999999999999984,-0.015198565970149253,0.046984495954043165,45.0,0.00041723193710591414,-0.18385557006650413,2.7592697718020087,-0.06076364000000001,0.03374874337059677,31.0,-0.0003596403001876172,-0.7959336883777274,3.8937413986799903,-0.06174174000000001,0.03368812856494703,5.0,0.006983126060606061,0.3344239462420411,2.152948712608408,0.10402542857142859,0.07494582918130581,7.0,-0.003471705494505495,-0.6645650805667603,1.9076773524530932,0.14853629166666668,0.03266474261401627,47.0,-0.00012774173580294555,0.1315196453593944,2.48996331331021,57.073170731707314
-0.24408,0.012999999999999984,0.0,0.025999999999999968,1.5791747619269631e-12,0.9999999999999658,-0.29584955223880594,0.04257926632405768,44.0,0.0005019634448080453,-0.1304584126673688,3.1607970373426513,-0.35149125000000003,0.03348514791571779,30.0,-0.0003831078799249528,-0.8687135568781661,4.290269091170785,-0.346605,0.02657447694687516,6.0,0.003624181818181816,0.07839084598599472,2.1196925466267125,-0.15587135714285716,0.09942238011606781,7.0,-0.0033924681318681315,-0.7957467659048217,1.8672657999288163,-0.09916429166666668,0.0292240906547233,47.0,-9.583524663965528e-05,0.04679647688293879,3.3078743855271844,61.382113821138205
-0.496675,0.014005000000000017,0.0,0.028010000000000035,1.515626388179526e-11,0.9999999999995858,-0.5453588059701493,0.04790675412832313,42.0,0.0005165368345438576,0.586930545552806,3.8485653097863954,-0.6146462500000001,0.03445211994112263,29.0,-0.0006893855534709189,-0.6749910728664377,4.7496968395620796,-0.6199830000000001,0.036474054353745775,6.0,0.0021373939393939433,-0.5986963754318927,2.5432581224712294,-0.39985071428571434,0.1265229389401828,7.0,-0.005064109890109888,-0.8260232965992089,1.8925217820950406,-0.33264069444444444,0.03174356900427011,47.0,-7.218776127082132e-05,-0.008682968416301808,3.581194755414024,59.91869918699187
-0.67077,0.036660000000000026,0.0,0.07332000000000005,0.0,1.0,-0.721830447761194,0.05687657722747513,40.0,0.0007419199457259154,0.08185922288076142,2.8489636143668027,-0.81214075,0.04446348706452857,25.0,-0.0013420290806754225,0.5899121410639028,2.540110712307919,-0.834242,0.03383395743923551,6.0,-0.000761454545454542,0.1662854392120422,2.280184428061805,-0.5958278571428572,0.14140072116297064,7.0,-0.006787714285714282,-0.8037578598619155,1.9685609762012042,-0.5225505555555555,0.03719990068269631,45.0,-1.7631358929834623e-05,0.4499194864857835,3.962805810472191,60.081300813008134
-0.669895,0.03896500000000003,0.0,-0.07793000000000005,-9.383312763473565e-13,1.0000000000000313,-0.6093273134328357,0.0751227208824491,40.0,0.00012565847234416162,0.6872121003086422,5.569710202325265,-0.5035499999999999,0.07369745802943274,26.0,0.0004708330206378988,-0.41410003794998945,2.3722969929538817,-0.469168,0.029716510495009334,6.0,-3.224242424242386e-05,0.22938368677689552,1.2516154257420498,-0.8618442857142857,0.2783698710532519,7.0,0.0038913846153846156,0.9986003147836979,2.08468344537802,-1.0361166666666668,0.011208503716177081,41.0,2.7596630008361003e-05,-0.39114623797448095,3.3757479132091945,58.211382113821145
-0.7387,0.06257000000000001,0.0,-0.12514000000000003,6.79834224029667e-13,0.9999999999999629,-0.6919741791044777,0.06499172602102365,40.0,4.456979806848106e-05,1.0945495414395732,6.718075074832465,-0.6082035,0.06536040657577032,26.0,0.00019401313320825501,-0.6455838764766603,3.1305196344668818,-0.5602759999999999,0.02355426763879531,4.0,-0.000819030303030308,0.6009366471305345,3.1155380859356425,-0.8886607142857142,0.2338634730369802,7.0,0.006296593406593405,0.9466733592686607,1.9177710317226249,-1.0361166666666668,0.011208503716177081,41.0,2.7596630008361003e-05,-0.39114623797448095,3.3757479132091945,59.10569105691057
-0.8127,0.0746,0.0,-0.1492,0.0,1.0000000000000149,-0.7839686567164179,0.06293545236086916,45.0,7.029212227631888e-05,0.7785599090963969,4.22776469756456,-0.73494425,0.07744716776253023,28.0,0.00039413227016885446,-0.8858213311198023,4.035770067963827,-0.704354,0.01756255345899337,6.0,0.001801333333333329,-0.4664191056942208,1.753461348188053,-0.9389892857142856,0.15502399931551084,7.0,0.003072417582417584,0.963941087612605,2.0063709174006448,-1.0361166666666668,0.011208503716177081,41.0,2.7596630008361003e-05,-0.39114623797448095,3.3757479132091945,62.35772357723577
-0.91353,0.058510000000000006,0.0,-0.11702000000000001,2.217072661776254e-12,0.9999999999998923,-0.8992631343283581,0.0563581817077154,46.0,9.089552238806004e-05,0.38044005121228547,2.6302257175308603,-0.8879032500000001,0.07356594553145837,28.0,0.0013360778611632264,-0.8567756555508441,4.650491821226949,-0.849906,0.026394207394805396,2.0,0.00020993939393939667,0.5538123677795314,3.010180434828474,-0.985945,0.08595533431049272,7.0,-0.00022753846153846107,1.3351678486375476,3.5374894168478233,-1.0361166666666668,0.011208503716177081,41.0,2.7596630008361003e-05,-0.39114623797448095,3.3757479132091945,66.91056910569105
-1.01942,0.02028000000000002,0.0,-0.04056000000000004,2.6621736069832624e-11,0.9999999999995003,-1.023977910447761,0.051678019708643094,45.0,8.889655998084403e-05,0.681872557789387,4.178164080912571,-1.0412845000000002,0.07458472524418121,22.0,0.0019563095684803,-1.0998297582270342,5.372422254744569,-1.0079259999999999,0.03843333480196586,5.0,0.0023112727272727282,-0.10662585466011094,1.7103185249852795,-1.0382942857142858,0.035796035238214736,8.0,-0.0013649230769230763,-0.5707538520348014,5.4934999974624015,-1.0361166666666668,0.011208503716177081,41.0,2.7596630008361003e-05,-0.39114623797448095,3.3757479132091945,65.04065040650406
-1.1014499999999998,0.013950000000000018,0.0,0.027900000000000036,0.0,0.9999999999985605,-1.1422828358208956,0.04723060018092781,47.0,0.00010267579216218356,0.6868189912486498,4.014916992969064,-1.176905,0.07991346867080666,27.0,0.002735891181988742,-0.15018636714645678,2.9918039105930267,-1.14676,0.05201861589854153,5.0,0.0012642424242424264,0.4983744411178863,2.0052676273653036,-1.0904714285714285,0.09587168827263291,7.0,-0.0025041758241758226,-1.5581138974810333,4.394620705646654,-1.0361166666666668,0.011208503716177081,41.0,2.7596630008361003e-05,-0.39114623797448095,3.3757479132091945,62.35772357723577
-1.1769,0.06899999999999995,0.0,0.1379999999999999,0.0,0.9999999999999902,-1.2204716417910448,0.05418948734852146,41.0,-0.00027396440258600026,0.7208468038844159,2.850210171086268,-1.25715,0.06761570453674205,26.0,0.0015952532833020622,0.773896864447749,3.2423265706925006,-1.2678,0.041783920352212046,6.0,-0.000585454545454551,-0.10963485956143944,2.07907928667644,-1.1237785714285713,0.14333492834502506,7.0,-0.0065593406593406605,-1.112899845368454,2.491751951957412,-1.0361166666666668,0.011208503716177081,41.0,2.7596630008361003e-05,-0.39114623797448095,3.3757479132091945,61.382113821138205
-1.2227000000000001,0.09710000000000008,0.0,0.19420000000000015,-4.850790645820896e-13,1.0000000000000622,-1.2378388059701493,0.060761132399870486,37.0,-0.0006811277835421824,0.2179122275911795,2.774498793656151,-1.2845375,0.06624927428847806,24.0,-0.0001746998123827383,0.18700916980774435,2.4726097011840658,-1.30642,0.04344736585801261,7.0,-2.7878787878779426e-05,0.2321649619756311,3.9526924857572543,-1.1345785714285714,0.1564429890616087,7.0,-0.004496043956043956,-0.9512971981317508,1.9644492907268591,-1.0361166666666668,0.011208503716177081,41.0,2.7596630008361003e-05,-0.39114623797448095,3.3757479132091945,62.764227642276424
-1.2050999999999998,0.05520000000000003,0.0,0.11040000000000005,5.280596501089551e-12,0.9999999999997099,-1.1893462686567162,0.05986235038435899,41.0,-0.0007091188442812683,-0.15073420191254225,2.4444820895958603,-1.21027,0.0777300173678097,26.0,-0.0009505065666041284,0.1958846629935905,2.6272126927404296,-1.23084,0.034608386266915106,7.0,-0.005023030303030289,1.0769409507027077,3.106350003409834,-1.0996642857142858,0.1018214235606553,7.0,-0.0023923076923076953,-0.9599411370411959,2.073177645127274,-1.0361166666666668,0.011208503716177081,41.0,2.7596630008361003e-05,-0.39114623797448095,3.3757479132091945,63.4959349593496
-1.1313499999999999,0.02355000000000007,0.0,0.04710000000000014,5.100218072061287e-11,0.9999999999990078,-1.1013023880597015,0.060215912784795746,49.0,-0.0006316904780908292,-0.10267841189744503,3.2559355157272236,-1.0974935000000001,0.07646407756423929,20.0,-0.0012849418386491561,0.598486065392913,3.4650623423724136,-1.10463,0.029019822535639308,6.0,-0.0015375757575757443,-0.012578026101546333,1.7937855272641605,-1.052414285714286,0.034340913897957646,7.0,-5.230769230769338e-05,-1.3325963290772636,4.047586980734365,-1.0361166666666668,0.011208503716177081,41.0,2.7596630008361003e-05,-0.39114623797448095,3.3757479132091945,63.65853658536585
-1.03025,0.013650000000000051,0.0,0.027300000000000102,-3.4922253670624626e-10,1.0000000000041602,-1.003510149253731,0.059402574583446326,45.0,-0.0007358001436666931,-0.23157981965909674,2.3749615916312035,-0.981212,0.0765520282944874,22.0,-0.0010317373358348977,0.6089421741451825,3.602374033278717,-0.9668320000000001,0.04037347020012029,7.0,0.0005903030303030386,-0.1686268218848627,1.760672182833689,-1.00614,0.055603502972898594,7.0,0.0020521318681318694,1.4870651759204698,4.182320543588379,-1.0361166666666668,0.011208503716177081,41.0,2.7596630008361003e-05,-0.39114623797448095,3.3757479132091945,60.65040650406503
-0.94206,0.024680000000000035,0.0,-0.04936000000000007,7.385412612236445e-12,0.9999999999999871,-0.9219601492537315,0.05989113368444092,45.0,-0.00031150411046372475,-0.10533871461932932,2.8619726342028255,-0.8552782499999999,0.07417775633191867,29.0,-0.00048547748592870466,0.6499238761680036,4.179715076422537,-0.811574,0.044908857300091705,6.0,0.002857333333333333,0.03506774637795155,1.8653793598640969,-0.9612350000000001,0.12373720578883528,7.0,0.0032060879120879137,1.1581666937071142,2.718011210318549,-1.0361166666666668,0.011208503716177081,41.0,2.7596630008361003e-05,-0.39114623797448095,3.3757479132091945,59.756097560975604
-0.860055,0.05868499999999999,0.0,-0.11736999999999997,5.493244164745493e-13,0.999999999999981,-0.8515102985074627,0.06419073750939808,43.0,-1.7498204166334034e-05,-0.2539367948597808,3.859583389197355,-0.7484465,0.07848205513204913,23.0,-0.0006115178236397747,0.8234326489272017,3.0590500835772505,-0.668925,0.040752303309138246,7.0,0.002715818181818187,0.9370288326048054,3.4596204688356513,-0.9187957142857142,0.19261568915901964,7.0,0.007819428571428573,1.1737214933717637,2.764076110520455,-1.0361166666666668,0.011208503716177081,41.0,2.7596630008361003e-05,-0.39114623797448095,3.3757479132091945,62.11382113821138
-0.845625,0.04719499999999999,0.0,-0.09438999999999997,1.0561418657921668e-12,0.9999999999999905,-0.7709207462686567,0.06851226133455549,43.0,-0.00031389815627743604,-0.23958634873867488,2.5868103748357667,-0.6466719999999999,0.0731600106000539,25.0,-0.00037400938086303926,0.28761445099860167,2.180131537628994,-0.563874,0.03714513620919971,5.0,-0.0014004848484848427,1.0110225849655434,3.781822675481774,-0.884095,0.24822732098248743,7.0,0.0112441978021978,1.1391399341236175,2.5928721914978103,-1.0361166666666668,0.011208503716177081,41.0,2.7596630008361003e-05,-0.39114623797448095,3.3757479132091945,62.926829268292686
-0.871015,0.125745,0.0,-0.25149,-5.583905427117318e-14,0.9999999999999982,-0.6961771641791045,0.07475618226929802,40.0,-0.0005283310719131615,-0.28197527792851756,2.6081095196073174,-0.581431,0.06350887822974045,27.0,-0.0004478517823639785,0.012499435243890456,2.034298362500345,-0.53789,0.052224913594950066,6.0,-0.010339515151515159,0.11323740710042868,1.6709421713044035,-0.878895,0.2520907667530543,7.0,0.01281659340659341,1.0158099917400867,2.135990737923603,-1.0361166666666668,0.011208503716177081,41.0,2.7596630008361003e-05,-0.39114623797448095,3.3757479132091945,62.27642276422765
-0.82746,0.14717000000000002,0.0,-0.29434000000000005,3.482991063587865e-14,0.9999999999999954,-0.6595085074626865,0.05363742979845579,41.0,-0.0002828877005347596,-0.291031594328751,3.2276272395255927,-0.5774295,0.07225864522498329,27.0,0.0004805497185741087,-1.1557849014294954,5.216404343646259,-0.564126,0.053758115889603136,5.0,-0.012991636363636367,-0.45717383275917306,1.6978985316858364,-0.8857342857142857,0.24200185072238856,7.0,0.013098417582417582,1.0336579935874894,2.188879320914257,-1.0361166666666668,0.011208503716177081,41.0,2.7596630008361003e-05,-0.39114623797448095,3.3757479132091945,62.19512195121951
-0.78164,0.12394000000000005,0.0,-0.2478800000000001,8.74715884918851e-14,0.999999999999991,-0.6880674626865672,0.054917054207375075,44.0,2.2440737489025722e-05,-0.20620684918933405,3.2346571604930277,-0.6345135,0.08511383907890656,24.0,0.0001402833020637903,-1.3768607434253817,6.1978510496465,-0.6222449999999999,0.05074809144194488,5.0,-0.01036721212121212,-0.41700531554234427,1.8306531654471536,-0.8999457142857141,0.22108288729130807,7.0,0.01320035164835165,1.0811945894153376,2.345148423159569,-1.0361166666666668,0.011208503716177081,41.0,2.7596630008361003e-05,-0.39114623797448095,3.3757479132091945,62.520325203252035
-0.7720100000000001,0.07285000000000003,0.0,-0.14570000000000005,-5.74316848455276e-13,1.0000000000000495,-0.7604144776119404,0.06659924241610225,42.0,4.790446164897419e-05,0.4210148089621904,3.5161308181998665,-0.74368725,0.09959179700124653,24.0,0.0008379333958724205,-1.4152474007090936,5.8332520287853535,-0.71094,0.06526153323359786,5.0,-0.006423636363636372,-0.6023019153055115,2.528093590370282,-0.9255985714285714,0.1815495060723164,7.0,0.011434197802197801,1.13815178151505,2.542547344351772,-1.0361166666666668,0.011208503716177081,41.0,2.7596630008361003e-05,-0.39114623797448095,3.3757479132091945,63.08943089430894
-0.809985,0.052624999999999984,0.0,-0.10524999999999995,1.5235752144714843e-12,0.9999999999998935,-0.8638558208955224,0.0774438653737507,44.0,0.0002759861122196506,0.23616188902855167,3.0061800645744463,-0.8823445,0.10836064116989158,24.0,0.0005985834896810506,-1.2371650308951923,5.444978718396688,-0.841992,0.07959967321540963,5.0,-0.007808969696969693,-0.25372974935600257,1.8690564880305425,-0.9620142857142856,0.12519030842876694,7.0,0.009083956043956043,1.2402137229949177,2.880400057299394,-1.0361166666666668,0.011208503716177081,41.0,2.7596630008361003e-05,-0.39114623797448095,3.3757479132091945,65.85365853658537
-0.892255,0.05540499999999998,0.0,-0.11080999999999996,-6.527747576033052e-13,1.0000000000000693,-0.9906023880597014,0.07996967927441248,42.0,0.0001934675552717693,0.38206672979155765,3.4199790224899784,-1.027776,0.10844252551005992,24.0,0.001200696060037523,-0.9185166580058892,4.816875380396421,-0.9867329999999999,0.0833120680393903,5.0,-0.008366606060606057,0.21077973975860284,2.2212011181586386,-1.0096264285714285,0.055779941556997364,7.0,0.006965076923076929,1.4488755064423733,3.63577017639719,-1.0361166666666668,0.011208503716177081,41.0,2.7596630008361003e-05,-0.39114623797448095,3.3757479132091945,64.79674796747967
-1.0062099999999998,0.030889999999999973,0.0,-0.061779999999999946,1.5066642942046182e-11,0.9999999999994713,-1.1114155223880597,0.07420383496312419,42.0,0.000251592305850427,0.48179289647417217,3.6206959911874392,-1.16346,0.09068033359003484,24.0,0.0015126078799249526,-0.4159271838948394,2.4658818612786186,-1.1268509999999998,0.07220642498420761,5.0,-0.006383333333333338,0.11774349355970569,1.9444125662038423,-1.0455357142857142,0.022195096213316282,7.0,0.0017391208791208803,-0.5769832141453758,2.544880491490938,-1.0361166666666668,0.011208503716177081,41.0,2.7596630008361003e-05,-0.39114623797448095,3.3757479132091945,63.82113821138211
-1.10575,0.014650000000000052,0.0,-0.029300000000000104,-7.061994116430181e-11,1.0000000000006855,-1.2170999999999996,0.06050071419339153,40.0,3.989145183175078e-05,0.3860411775232158,3.375432056238431,-1.2793275,0.07769437877832604,26.0,0.0019553001876172595,-0.39339307315011207,2.5508320113993794,-1.25143,0.0597612759234607,6.0,-0.004407878787878784,0.05121396035115334,1.770157110861994,-1.0897071428571428,0.0858534420999424,7.0,-0.00030527472527472284,-0.9214537869377297,1.9871684516265,-1.0361166666666668,0.011208503716177081,41.0,2.7596630008361003e-05,-0.39114623797448095,3.3757479132091945,62.35772357723577
-1.19445,0.014350000000000085,0.0,0.02870000000000017,2.2542691982255016e-10,0.9999999999983002,-1.2720835820895522,0.04002942051256324,45.0,-0.00017068002234815188,0.1734184131787803,3.0716101627739194,-1.3210075,0.0789609156086098,27.0,0.0014523733583489675,1.3482204695784274,7.388144228461528,-1.31875,0.044179299451213565,6.0,0.0014187878787878694,0.01867628768816841,1.5800244252996498,-1.1274142857142857,0.14582713767208302,7.0,-0.004428131868131867,-0.9809609286850801,2.0746629736358915,-1.0361166666666668,0.011208503716177081,41.0,2.7596630008361003e-05,-0.39114623797448095,3.3757479132091945,62.520325203252035
-1.222,0.06840000000000002,0.0,0.13680000000000003,1.3877202189881561e-12,0.9999999999999545,-1.247662686567164,0.05744932052342529,42.0,-0.0004574387421182855,0.5580373155021601,3.136652894106126,-1.23878525,0.10739482638813425,24.0,0.0005708470919324574,1.6348713531203056,6.808553496052867,-1.25972,0.062231339371734536,5.0,0.007766060606060611,0.5058793637883406,3.0172629025033837,-1.1344428571428569,0.1619644172310066,7.0,-0.009131868131868134,-1.1464318707563983,2.5516934564723646,-1.0361166666666668,0.011208503716177081,41.0,2.7596630008361003e-05,-0.39114623797448095,3.3757479132091945,62.03252032520326
-1.1958,0.06390000000000007,0.0,0.12780000000000014,1.702031708582693e-12,0.9999999999999478,-1.1477061194029854,0.07996384214513838,40.0,-0.0007691910767020513,0.14861228134048418,3.718942494931197,-1.0908375,0.119327184659448,24.0,8.223264540337702e-05,1.3177866599202017,6.032368829434378,-1.106805,0.062261916329326095,5.0,0.00750212121212122,0.6107115414184973,2.4919189305404115,-1.0905785714285714,0.09563090638021815,7.0,-0.006614285714285718,-1.3148181190067258,3.041954925287031,-1.0361166666666668,0.011208503716177081,41.0,2.7596630008361003e-05,-0.39114623797448095,3.3757479132091945,61.46341463414634
-1.1051,0.04269999999999996,0.0,0.08539999999999992,-2.8520464894108354e-12,1.000000000000082,-1.0107385074626865,0.09170698155772575,43.0,-0.0007348379758959203,0.20570895713788828,4.071117977278847,-0.92662575,0.12355886566506467,24.0,0.00010441557223264616,1.0337175622384742,4.957702480551599,-0.9457929999999999,0.05766879035492248,5.0,0.009091575757575755,0.5178138924581592,2.138526950562109,-1.0374835714285715,0.04332083227124646,8.0,-0.004449208791208791,1.1049018524656558,5.536731539014886,-1.0361166666666668,0.011208503716177081,41.0,2.7596630008361003e-05,-0.39114623797448095,3.3757479132091945,59.10569105691057
-1.007145,0.03655500000000006,0.0,0.07311000000000012,-4.545690478360215e-12,1.0000000000000424,-0.8667732835820895,0.09517531481645919,45.0,-0.0008386942293878203,0.6584345154519419,4.8251615866766375,-0.7557410000000001,0.12392468371555362,24.0,-8.056660412757953e-05,0.7686072253987114,4.169271637311024,-0.781281,0.05672180294207864,5.0,0.009643333333333335,0.36477011005992477,2.2144222226156915,-0.9854685714285712,0.08837169293526574,7.0,-0.0009879120879120861,1.4590488558280499,4.0306534639488785,-1.0361166666666668,0.011208503716177081,41.0,2.7596630008361003e-05,-0.39114623797448095,3.3757479132091945,56.99186991869919
-0.8772949999999999,0.04994499999999996,0.0,0.09988999999999992,3.5644634740061727e-12,0.9999999999998321,-0.7207844776119403,0.09325350804147017,45.0,-0.0007328142708915324,0.6198643541289688,4.84875285667579,-0.5908195,0.11634666954730592,24.0,-0.0005048048780487801,0.21395839355692658,2.4201036114950214,-0.621386,0.06881221071873798,5.0,0.009675515151515152,0.013492487590458506,2.00159252366617,-0.9361849999999999,0.1630200712773912,7.0,-2.4109890109888966e-05,1.1219633335539236,2.59186372902659,-1.0361166666666668,0.011208503716177081,41.0,2.7596630008361003e-05,-0.39114623797448095,3.3757479132091945,55.447154471544714
-0.761175,0.013575000000000004,0.0,0.027150000000000007,-2.2190174596790407e-11,1.0000000000002476,-0.6075773134328357,0.07985457281053168,41.0,-0.0004025604597334183,0.32520736222737867,3.426458885937606,-0.462111,0.09356195609861949,26.0,-0.0008322157598499066,-0.25031345215879125,2.5479773565251724,-0.474627,0.057403837336888884,3.0,0.002309757575757578,-0.7840877261641578,2.5414302619730544,-0.8880421428571427,0.2367477338307161,7.0,0.002857604395604397,1.0005026867104878,2.10180286089911,-1.0361166666666668,0.011208503716177081,41.0,2.7596630008361003e-05,-0.39114623797448095,3.3757479132091945,43.73983739837398
-0.691525,0.01243500000000003,0.0,-0.02487000000000006,5.773947902565191e-11,0.9999999999988276,-0.5721223880597015,0.06530931533038788,37.0,-0.0001441834942932399,0.137232402829934,4.0206382829751535,-0.438518,0.07096556947562671,21.0,3.833208255159513e-05,0.07333847865179494,2.055552625899787,-0.433341,0.051380164548198944,5.0,0.0006261212121212133,-0.7135836895428703,2.071622169112395,-0.8590585714285713,0.2818658803873406,7.0,0.004641318681318681,0.9786726548097833,2.0221167766738035,-1.0361166666666668,0.011208503716177081,41.0,2.7596630008361003e-05,-0.39114623797448095,3.3757479132091945,36.260162601626014
