0.07841988000000001,1.0049211622601575,32.0,0.008926509771908765,-0.10115835230459064,1.6146968263863233,-0.05875216999999999,0.3444682085273996,33.0,-0.001691619039615846,-0.11850619482520262,2.4244986120137186,-1.4779198,0.48113999501804045,31.0,-0.002208488355342137,0.30883955663212925,2.1502847651050074,1.5655998,0.5261398427547186,34.0,-0.004598700120048017,-0.4837360754552139,2.3519135782267595,-0.886699834,0.5231428356246258,31.0,-0.008928170117647054,0.33620675358395746,1.8430285293913953,0.8710540200000001,0.6231819468619575,33.0,0.0023608156062424972,-0.3392065887214763,2.375837848847038,0.0
0.31936784999999995,0.9711507868381936,31.0,-0.00852861289315726,-0.33172818888267397,1.9869534968550753,0.603855714,0.35877589370966945,36.0,0.000610658962785114,-0.02599042775799739,1.86478175943938,-1.4952802,0.52139890225619,34.0,0.0024763471788715502,0.2705221783308417,1.9693847241768458,1.3138138000000001,0.4209112755956533,31.0,0.0032430737094837937,0.05557901602162801,2.5185933025141964,-1.057777926,0.5515687916699388,32.0,0.0034937882689075645,0.16087774522769274,2.220047165637108,0.9513078,0.4957694901838555,36.0,-0.0012687130852340942,-0.30181596181106946,2.263985123185353,0.0
-0.02233406000000001,0.9814497171981539,37.0,-0.012770535846338534,0.14780963606720746,1.8693508223244344,1.0966372,0.3716708444526689,28.0,0.003993866026410563,0.29227254184308155,2.059543020585203,-1.4790843999999999,0.45654695075166146,33.0,-0.007998063865546221,0.4297018455787997,3.055765218267173,1.4264750000000002,0.49521033988902136,30.0,0.003095166866746697,-0.4705756279765172,2.7661354937542466,-0.87595714,0.49976743527124734,35.0,0.00883929762304922,0.026169374458738084,1.8407609275028356,0.89289312,0.4720042115542886,35.0,-0.0014606382713085243,-0.28337267181189324,2.637695273229029,0.0
-0.19558748,1.0213668445500126,34.0,0.009336301080432173,0.20728341132776382,1.7253849464393192,1.278313,0.2964347266718257,30.0,0.003622310204081633,0.18680738513193634,2.1342550882837448,-1.25969818,0.5117699628691661,29.0,0.0007563011284513797,0.2624481768044898,2.1942901784406152,1.3005330000000002,0.537438114469936,37.0,-0.008938529171668668,-0.2757959738671608,2.02349546512823,-0.9243265799999999,0.4086089579203123,32.0,-0.005892836446578629,0.5192921755996255,2.829111273273524,0.8793225000000001,0.48203650856922653,40.0,0.007875203601440575,-0.06398102043568832,2.156109840369286,0.0
-0.15091838,0.9838524122431553,30.0,0.013330796590636256,0.20610335587523865,1.94338597099478,1.0498564000000001,0.38824524366312596,30.0,-0.0007627543817527008,0.2275372191196586,2.4035756853182453,-1.1971799200000002,0.5726594366989106,27.0,0.0025830246338535423,0.16624894493311468,2.069392283242856,1.1908632,0.4786259467702937,29.0,-0.0028420609843937583,0.04203891445302672,2.151447094148839,-0.9940836000000002,0.47437629877033277,37.0,-0.006210574789915966,-0.4405979898152314,2.9711958452498375,0.9741498800000001,0.5188770359280757,30.0,0.00026321738295318126,-0.0778856800816777,2.502236794588619,0.0
-0.08626307999999999,1.0154846073129782,36.0,0.0010131500600240107,0.18297354139741084,1.8594533296987026,0.5795361399999999,0.5104032644094672,33.0,-0.0030786799039615844,0.22446647461567007,2.64492360990362,-1.1101876,0.42798686604408787,33.0,0.00036672749099639807,0.03585119030808813,2.419475332599628,1.1436915,0.4774692507421289,33.0,-0.006947115246098441,-0.07830940500390839,2.715891973825507,-0.8978925000000001,0.5882065980940455,40.0,0.0012614231452581042,-0.24790764356264314,2.304675827433749,0.90137828,0.4705284985088168,26.0,-0.007399834717887157,-0.33586902184706,2.482407114652029,0.0
-0.019964519999999993,1.0002006737166345,28.0,0.011315365474189676,-0.13711067010517763,2.1963403293747334,0.10105597999999999,0.52102644093349,38.0,-0.010398163217286916,-0.08264575152313633,2.46576491075549,-1.1626034,0.558351053888537,36.0,-0.008809515966386555,0.10775944144246614,2.263600190238021,1.1709015200000001,0.5511542815346803,36.0,-0.0025067094357743096,-0.022483186053698652,2.0225847838313293,-0.8389464000000001,0.5579316564948077,34.0,-0.002503028091236495,-0.09175948753430371,2.225273905385217,0.8851719,0.5615725645380568,32.0,0.0013721843457382957,0.07282918673282397,2.3545840753743215,0.0
0.06736396000000001,0.9894147067794973,30.0,-0.00907464806722689,-0.07752553472666159,1.9808094350545553,-0.58868552,0.5750823931308362,34.0,-0.005857099063625453,0.16287297944149334,2.6142461931903176,-1.1801302,0.4857157550851733,33.0,0.004715134213685474,-0.13090354601106308,2.2952807381459897,1.02372262,0.5450832102466151,29.0,-0.0006580573829531808,0.4740441709138091,2.4281781363369124,-0.83947406,0.516746375700591,29.0,0.008885734789915967,0.4474905245171344,2.897307869513732,1.0326568,0.5553006848850089,36.0,0.0012461349339735887,-0.24042278332815883,2.6789373235584772,0.0
0.0130231,0.9786925128838424,33.0,0.017772736374549822,0.09020149341358791,1.995919778239588,-0.9858162999999999,0.502462388527032,33.0,0.0005846596398559431,0.4249102444140332,2.719650554736748,-1.0633641999999999,0.4959387972243752,35.0,0.002991449219687876,0.1465419734500949,2.114607521369655,0.83956355,0.5808524623821462,30.0,0.0013898118847539011,0.1601229932468035,1.885447182961262,-0.9094602999999999,0.5560371663878684,31.0,0.0003973643697478976,-0.12365202263844241,1.8873006913349217,0.8963641999999998,0.5427879988359728,33.0,-0.0005917498199279719,0.12631038979155348,2.726519772474537,0.0
0.045696920000000016,1.0090487638855288,36.0,0.003564414021608643,0.017630353689002055,1.8339913862616881,-1.2471444,0.4435261544989652,34.0,-0.003927814645858344,0.19916914886320972,1.8474626066821138,-0.99754694,0.45746163516642185,36.0,0.0028422191116446584,0.06184471406490928,2.3490363323335033,0.98635694,0.5180075234395891,29.0,0.0018613632172869148,-0.22084551392020707,2.0664398348265127,-1.02644006,0.5436275927126366,27.0,0.001575007490996399,0.330054668537803,2.3508524829466806,0.9993378119999998,0.5200778126489495,30.0,0.0036875183577430985,-0.2793992058063751,2.578131782912184,0.037037037037037035
-0.07631368,0.949992145831878,37.0,-0.005815105478991595,0.39656781326689294,2.3141715303603303,-1.09786728,0.4899374124748197,34.0,0.008893574453781512,0.1459133479357295,2.184147008298483,-0.9995801799999999,0.5513186268759542,32.0,0.0021038789435774323,0.2935206748509633,2.0864954915953087,0.88181609,0.528790163577441,30.0,0.0048250954861944785,-0.2271219316486969,2.072546812239585,-0.9595126200000001,0.511954676303631,37.0,-0.0016307605762304904,0.14246348548420865,2.0100095489997125,0.8357109,0.47573878834050304,37.0,-0.00036655102040816394,-0.24099234629423602,2.113231442119688,0.1111111111111111
0.004211580000000018,1.0692946394436866,33.0,0.00270591505402161,-0.04836722767209196,1.8740307661329245,-0.623499,0.7093620927404565,33.0,0.007054038127250902,0.07401183289446621,2.040580974439305,-0.89813554,0.4837261677540387,25.0,0.0008077419927971181,0.2793763199874517,1.9620338132596509,0.9700371,0.5275942688277897,30.0,0.005034420024009603,0.013648418633056138,2.2918039476607666,-0.9687352,0.4799600019636636,32.0,0.005252189195678273,0.08331465032461516,2.488729826713198,0.908530722,0.5537322725212817,33.0,0.011597479678271308,-0.024356019314019935,2.083953700808882,0.2222222222222222
0.18109617999999997,0.9184538561280408,30.0,-0.006678300456182473,0.030771051164145833,1.8762440425627163,-0.090390848,0.9253476612473714,32.0,0.01106634944537815,0.18020619829355483,1.75778831368886,-0.80003518,0.5119246175072923,32.0,0.001770735222088836,0.1634567804290695,2.004444616371717,0.9696507999999998,0.4670520150854292,24.0,0.0001536288115246115,-0.27984048212135293,2.5647169022606193,-0.9727169999999998,0.49661987597859997,29.0,-0.0028155068427370934,-0.05301063576863565,3.573129831261891,0.887955644,0.4764939609844914,32.0,0.005901678914765908,-0.02945375416558372,2.50801760646064,0.4074074074074074
0.10695984000000001,0.9635991064680657,33.0,-0.009112659591836736,-0.12986933932191738,1.9403390796968827,0.37291609940000003,0.8553821956754323,30.0,0.014607485597599038,-0.17722743633404167,1.9957511991533243,-0.897838438,0.45635979192385073,31.0,0.007596273099639856,0.24320069756726015,2.0715807920210425,0.93392898,0.5146558575656742,27.0,-0.007086613349339735,-0.3012571840481334,1.7288811656443206,-0.827455264,0.46777536932352387,34.0,0.004228150876350541,-0.08753054717794828,1.9488717161888127,0.83342596,0.4707974410752021,32.0,0.0030497731572629045,0.13595608525132538,2.113236215608259,0.4814814814814815
-0.13795890000000002,0.9273746489473227,31.0,-0.0034615135174069635,0.19158339642496347,1.9995881302061334,0.61325214,0.6680890467003634,34.0,0.008006499543817528,0.019022144715607894,1.818392836501976,-0.75727496,0.5814738523500076,32.0,-0.003420729699879952,0.28944290429028136,1.902375600631866,0.77152108,0.5111894709067016,30.0,0.0018740950780312129,-0.28059847650827563,2.134436935208139,-1.03619758,0.47855641390139536,30.0,0.0033440787995198083,0.35951539642250957,2.832136270492823,0.8179771399999999,0.4373703881200925,33.0,-0.0041343743097238895,0.3378511610222109,2.572995582038196,0.6296296296296297
-0.11084556000000001,0.9572846506439381,36.0,-0.009440498439375748,0.1304426913987262,2.14242065644056,0.85234926,0.5448620261625804,29.0,0.0015390154621848738,-0.5626172452212741,2.296088756313994,-0.8692941399999998,0.43760550557706696,27.0,-0.0007112521008403361,0.20028385820255817,2.2547055494342936,0.5174600899999999,0.39818400314186014,28.0,0.002836851692677071,0.05782380913292621,2.062596863382246,-0.9956638,0.5233390079130352,35.0,-0.0036283942376950777,-0.04703439319514617,2.2123664922256037,0.8653153,0.5356016885358093,33.0,-0.0028776583433373338,-0.07604730334738263,2.4630763502912365,0.5555555555555556
-0.1592864,1.0018940245989292,32.0,-0.010070463385354137,0.31440242329192014,1.9723944715844017,0.8034993060000001,0.6397366323669235,37.0,-0.002568147375750299,-0.4961100320321684,2.421296424034884,-0.53524506,0.4462374012468435,26.0,0.0020585865546218496,-0.36661670318135936,2.646252959356889,0.6025246,0.46811872238059443,33.0,-0.004633455462184875,0.153742944126068,2.356362681890743,-0.9322090599999998,0.518938473890399,29.0,0.011165633949579831,-0.2680868651939379,2.4895527142502645,0.8115836480000002,0.5122473550050282,26.0,0.00033423483313325324,0.3943918764881346,3.4464935511050636,0.8888888888888888
0.08241312,1.0427710685893936,29.0,0.00477180369747899,-0.26707965969887637,1.6328066838834083,0.46808643999999994,0.9651735419859406,34.0,-0.006451843265306123,-0.5369988354129746,2.0194476110087045,-0.61859438,0.4437266515039136,29.0,0.00947782669867947,-0.10238428367451304,2.45496723074621,0.62192784,0.502899749622024,35.0,0.003285900312124851,0.11540778633105382,1.8768978617756142,-1.00377044,0.551278893032888,34.0,0.005042609843937574,0.2785863449209197,1.8222650452116331,0.7393298399999999,0.5004147456354322,32.0,0.004330364081632652,-0.09679543319178822,2.6236787663954892,1.2962962962962963
0.008510488000000009,0.8648550193380189,35.0,-0.004166221426170469,-0.063821404041711,2.526542305497821,0.13863032000000003,1.044188660544931,36.0,-0.00555775289315726,-0.25149623145917177,1.7586399728046938,-0.47096774,0.454007388620177,34.0,0.01221067587034814,0.23714405954865708,1.8920473325428595,0.61162098,0.5337292523099887,34.0,0.007262031356542618,-0.13426366018212504,2.181297438114477,-0.8721607,0.5710471650038812,25.0,7.19473229291715e-05,0.04744134004463573,2.041461468436541,0.9192652800000001,0.5337656366238291,28.0,0.007163437599039616,-0.25622351179460007,2.290722205965092,2.148148148148148
-0.05502224000000001,0.9630564724067547,35.0,0.006142113517406963,0.10910454789857404,1.7345303831248553,-0.25261078,0.933435131882774,31.0,-0.008447849459783913,0.16143697499065549,2.014945015880184,-0.520855776,0.47366112304011887,30.0,-0.00019454423049219686,0.14217295464181112,2.070525364658137,0.5787156,0.5184991221136637,32.0,-0.0018161699879951983,-0.1373598351206506,2.558022323091157,-0.9332288599999999,0.5121598317744963,32.0,-0.000698912605042016,-0.17955778795442784,1.7934567064654172,0.9311213999999999,0.4772920289173495,30.0,-0.0014360773109243702,-0.057255554497942174,2.7971316676087525,3.2962962962962963
0.022443120000000007,1.0116277124359858,34.0,0.012039258391356542,-0.040572298674094225,2.076951589433787,-0.51229712,0.8635608228118189,33.0,-0.008291453253301316,0.4461363680661674,2.085822783514306,-0.47127362399999995,0.45571716156062353,38.0,-0.004742558559423769,0.07150080203632098,2.485386953446615,0.55290584,0.5406759314546694,30.0,0.007389239663865546,-0.3541303078752262,2.170927915475168,-0.8102742,0.6583211017887547,36.0,0.0020220403361344537,1.2339394035222686,5.11488221981514,0.9427841399999999,0.5908441464134517,32.0,0.00024090261704681924,-1.091094677158934,4.455642489490483,4.481481481481482
-0.05454195999999999,0.9930498899524829,32.0,0.029266716062424983,0.1581050157370876,1.8809946742266728,-0.54577988,0.5998187432577491,29.0,0.0010752018247298925,0.7334208749068403,3.118845164841985,-0.3722043,0.5175640511021703,30.0,-0.0053404073469387765,0.25855075918729137,1.9937320825175409,0.32343866000000004,0.5521628846233911,35.0,-0.006159019207683072,0.034552412246476025,1.8785784900978508,-0.72397734,0.7470897661249446,35.0,0.008961914381752702,0.7880702198578465,2.8146882598456475,0.69003902,0.6423203826832367,36.0,-0.0074779192797118825,-0.6697295188925267,3.488222236867753,5.777777777777778
0.001189859999999965,1.02644227890141,30.0,-0.008068791308523409,-0.030989660083442117,1.7117451120862885,-0.5168145599999999,0.7412485909283649,33.0,0.0041315249939976005,0.5294620043489658,2.701107278061233,-0.29682337999999997,0.47963432923029564,32.0,-0.0019206963265306124,-0.2585278565776139,2.0783874323602864,0.4597413539999999,0.5184243215083765,31.0,0.000902290060024009,-0.022611175328751707,1.8351018147660096,-0.5558804,0.7799397201837333,33.0,0.01979729651860745,0.6825500289996606,3.273867104343447,0.56943262,0.7532694763394543,33.0,-0.013300755102040818,-0.8127736857780661,2.9779296151117736,7.185185185185185
0.19986859999999995,1.0310211469882662,31.0,0.006835656662665065,-0.21204533591498304,1.8493796825902216,-0.3411522,1.0721329758071805,33.0,0.009583596158463386,0.4626430754066632,2.0938756659086244,-0.27221448000000004,0.5083190592979665,25.0,-0.005362260648259303,-0.1538052151157177,1.9698953461373716,0.4295737500000001,0.48754892369470465,27.0,-0.00017249109723889585,-0.575125589906995,2.7223210176499313,-0.2922428,0.8127069448036973,33.0,0.006567112605042015,0.36793455275198717,2.170032641275664,0.4613163,0.9628858838620546,28.0,-0.011149922929171668,-0.7367870907902233,2.4687628809207505,8.148148148148149
-0.10942992000000001,0.9301488474071629,31.0,0.004468222617046823,0.21274973581710416,1.9807654156375223,-0.19472520000000004,1.0484428807564863,34.0,0.007491120288115245,0.18420327935627623,1.5326894941604141,-0.36425570000000007,0.42037683239794504,28.0,0.005446243889555822,0.34403687972418145,2.585165987394759,0.37071383999999996,0.4912701630001708,34.0,0.002271218055222088,-0.05207726198087812,1.986297441784956,-0.31702256,0.8749308925241618,31.0,0.007926084417767109,0.5197848760087784,2.2661021739044434,0.43350586,0.7349299974809577,32.0,-0.0019493688835534211,-0.5123892237089372,2.455887565827405,9.407407407407407
-0.08261149999999999,0.9106513973009925,27.0,-0.005553626650660264,0.1955539498664687,2.01878903504649,-0.006379259999999989,1.129751103341985,28.0,0.010443255174069632,-0.14169635700992253,1.6126765325548253,-0.1477435,0.5009662245908102,31.0,-0.00782748595438175,0.11590089447724865,2.263363403547727,0.17131481999999998,0.4847438421477744,33.0,0.003395923447779111,0.27270547863808875,2.032544826215582,-0.18504678,0.9216920259439438,35.0,0.008134411668667471,0.4088658864181807,2.0926643934319262,0.18379844860000003,0.8696400875058459,31.0,-0.00789400503577431,-0.4453202851993186,2.3720262051190635,10.592592592592592
-0.17665785999999997,0.9655945698656763,34.0,-0.0071276574789915954,0.19106456735287144,1.9153793068117362,0.21893744,0.847255673781726,32.0,0.013297051140456179,-0.23819369494347617,1.9791945024664324,-0.04795457999999999,0.541823960884865,29.0,-0.00035619010804321694,-0.4828863945887194,2.4743996136644273,0.16049104599999997,0.5022497477901484,34.0,0.007094392792316927,-0.14124665629695285,2.1501315761002853,-0.026763000000000026,0.8471733037370807,37.0,-0.0015787532292917171,0.3377149875671824,1.988012491496032,0.28760972,0.7974485507106033,32.0,-0.006288118415366144,-0.3673969574866809,2.1444856020517804,11.666666666666666
-0.22686730000000005,0.9763332505459035,33.0,0.003355902761104441,0.42833505737021743,2.1915984825218375,0.15766832,0.869241730639238,32.0,-0.00019833469387755138,-0.2135178729925697,2.273092526626976,-0.220814594,0.4878964136215688,34.0,0.0019214012821128453,-0.03716367479147399,1.9136526893889236,0.016543684000000006,0.5010400536436872,29.0,0.0027351195294117647,0.02080438763382822,1.992348801270159,-0.004791039999999993,0.8179331135537418,31.0,-0.004312972869147658,-0.12537891995707354,1.8662391812627896,0.20625264000000001,0.791765550658748,32.0,-0.003802396926770707,-0.40916337159111227,2.240554478193219,12.25925925925926
0.001652759999999982,1.0383841702671428,32.0,-0.013508968355342136,0.08133697611156025,1.7783265852007664,0.15686458000000003,0.9279451185704052,34.0,-2.6231500600241266e-05,-0.1974624062292859,1.8594450756758323,-0.22023996,0.4800949471075054,32.0,-0.003054206674669868,0.20247478072585315,2.0058299056739615,0.16278267999999996,0.5075243082048954,32.0,-0.004993047683073229,-0.25745530024184715,2.1475551545376597,0.17595034,0.8131952243021995,27.0,-0.005071598223289317,-0.0925081889519983,1.8555660465164263,0.21733784,0.7989210684808196,28.0,-0.00441554324129652,-0.05237407149712326,2.245797302069192,13.074074074074074
0.18363392,0.8633631878353359,32.0,0.008749137575030014,-0.04746648098786365,2.0441871851038385,0.10736343999999999,1.010176768689444,39.0,-0.004791517118847541,-0.5270769290360815,1.9531292944138863,-0.070253262,0.4890739798558941,35.0,0.0025314960816326536,0.17305517457974806,2.256118760395647,0.06097650000000001,0.49854534197508055,34.0,-0.0013909990396158457,-0.16543161255890182,2.034312189923106,0.18277822,0.849325613504745,35.0,-0.006293171620648258,-0.22258085647566925,1.7310065092745164,0.06665407999999999,0.9073720195926661,40.0,0.0008752192076830722,-0.17922035860287708,1.970071990779118,14.11111111111111
0.02879272600000002,0.9597636710122294,34.0,0.007210856513805522,-0.03460413947865504,1.9217798380083435,0.045480501999999985,1.052091880854409,34.0,-0.006992060835534214,-0.18100663443435092,1.7531181638688504,-0.018550859999999995,0.48688748965567025,32.0,0.00505004105642257,0.1342038747479298,2.265931790962241,0.044565780000000006,0.4712077365614147,33.0,-0.0054254,-0.14079177393477846,2.3225012294408733,0.08622346,0.8767312119833126,33.0,-0.017911571428571426,-0.20404339247637765,1.8216768238300427,0.068372494,0.8674665042446571,32.0,0.004154965901560624,-0.041513484228048785,1.9247985022610503,14.37037037037037
-0.010296000000000012,1.086307671799035,33.0,0.008459127394957983,-0.12339981891162106,1.6408591775527668,0.08105622000000003,1.0136650318651284,32.0,-0.01713730021608644,0.05204849339706388,1.7289365370607983,0.08627820400000001,0.5211987555324429,36.0,0.004831056048019207,-0.0868797203474516,1.9250090134181972,-0.11141068000000001,0.5058916449724957,33.0,0.004951844897959183,0.23292776893954206,2.0060036365000236,0.09151074,0.7904508936735997,26.0,-0.008353012965186075,-0.2766075362834519,2.1185686684934013,-0.0638895,0.8910106188136986,34.0,0.013328990108043217,-0.12925226632035955,1.6502796972068738,13.62962962962963
0.11558928000000003,0.9722221160770628,36.0,0.005055787659063625,-0.08782684282978975,2.0123177597125195,0.06921956,0.9258663866584673,30.0,-0.007394965090036016,-0.13899153135335204,1.9946775446999518,0.09940029999999998,0.5744707236043017,32.0,0.006808459591836735,0.10439026134272948,1.754979820878836,-0.13316362,0.44586746840279295,36.0,-0.007455634237695078,0.1792196525441753,1.957301852478392,0.27864584000000003,0.9496564541794966,29.0,-0.012621118463385353,-0.44209052886130096,1.930626872940613,-0.19008441999999998,0.8220999377774966,29.0,0.010704595102040814,0.17013711160742667,2.148660144523279,12.703703703703702
0.02234608000000001,0.9331341055503832,29.0,0.0027711818487394973,-0.047330074769496445,1.9253701265223546,-0.022281519999999992,0.9554229051191779,31.0,-0.010584562593037214,-0.030422363911813497,2.0458232235933225,0.13699088199999998,0.5298155858091779,32.0,-0.0015128483121248503,-0.06084152702923311,1.7686119726983776,-0.134199564,0.4720537604840223,33.0,-0.006604543030012004,-0.1280069364999177,2.0272536842137074,0.23756289200000008,0.8516321483186179,34.0,-0.014733931495798318,-0.2615946304938248,1.961578850605582,-0.29611314399999994,0.8515470360869938,32.0,0.01351939580312125,0.20313932142043323,2.1016063021889315,11.11111111111111
0.09089281999999999,0.899728514282985,30.0,-0.003738662040816327,-0.004832294254091846,2.0239985047132416,-0.004500619999999972,0.9758151117165771,31.0,-0.000979034285714284,-0.05011361705205928,1.8996414232809913,0.304960336,0.4564565231269019,30.0,0.0052620781176470595,-0.2555523940005548,2.132919698047194,-0.23493640820000003,0.4804090937362088,37.0,-0.007853437034813926,-0.10261034347522024,2.4325344002569835,0.38674910600000006,0.7479016865540327,31.0,0.004275564201680672,-0.25482386905001464,2.2485393191473317,-0.620688398,0.8078102606111027,31.0,0.007623015121248501,0.810531149049461,2.9285244748628507,9.555555555555555
-0.03823250000000002,1.0106842421436926,29.0,-0.003860728787515005,-0.10888966121659142,1.8343654611611018,-0.053845724000000005,0.9912308746319621,27.0,0.01989111134693878,0.022369329568469893,2.020624426170599,0.35008114,0.49925757457925507,35.0,-0.0004262293877551023,-0.007396542060925499,1.9809586274446649,-0.16027539999999998,0.5135413652618842,32.0,-0.00424743980792317,-0.007971151768902065,2.3887032440544984,0.49018056,0.695055074537066,26.0,0.011308721920768308,-0.43007076048462417,2.7853877607727724,-0.46779457999999996,0.7150395646017383,31.0,0.004536187995198079,0.5788614882508033,2.8728089637963694,7.703703703703704
-0.051815039999999965,1.0187877105587004,32.0,0.016501439327731095,0.2818237346428273,1.9242489310979074,-0.16978697999999995,0.9285536934238858,32.0,0.010993538967587034,0.0062375898097178,1.810033675745888,0.42068622,0.4555637687918691,30.0,-0.001434475150060023,-0.17424612478346269,2.1934112563632735,-0.32116634000000005,0.4539706136287066,32.0,0.0030850950780312125,-0.41917348935778587,2.2209469627988425,0.65222726,0.6578507836793025,29.0,-0.009133416038415366,-0.8795837029352755,3.8575530575791737,-0.8296170399999998,0.7305182490989519,30.0,-0.0010958073469387753,1.1660960023646738,3.7321415036169316,5.851851851851852
0.21541717999999996,0.9976971902229993,34.0,0.005254707082833133,-0.3157518877488304,1.8732272745498244,-0.30286937999999997,0.991329061220963,28.0,0.016754286818727492,0.4055055615130026,1.9691527989555295,0.40525669000000003,0.5210735516785776,35.0,-0.0038464429915966393,-0.011837306192466373,2.0019620663337374,-0.53115978,0.4739094227035495,33.0,-0.0031303573109243707,0.22000506740414447,1.990668244659805,0.6533893820000002,0.6048423521435005,32.0,-0.0052721619735894365,-0.4662819532243428,2.747416817275846,-0.6296431600000001,0.5976765854035896,32.0,-0.010916633757503,0.8564377697041239,4.059741163661497,3.9629629629629632
-0.09777011999999999,0.989656798871157,31.0,-0.00045658189675870436,0.04497755861443515,1.6785543000067282,-0.2936952,0.9812278896640882,30.0,0.010052514765906361,0.45651932953652524,2.129058722881105,0.449228938,0.5608154664666305,35.0,0.0012110383529411765,0.056749708165432386,1.759484712955469,-0.5373229399999999,0.5050906954166711,27.0,0.011962490516206483,0.5396889156927697,2.689162972671744,0.614516896,0.5231088106996344,35.0,-0.0018610459735894345,-0.30008347807305863,2.0981254597739203,-0.8709886139999999,0.66302474216481,26.0,0.0018779781848739486,0.5737452262768148,3.362038664911243,2.148148148148148
0.04885895999999998,1.0262925693045812,34.0,-0.004535532677070827,-0.029539395252959243,1.841952760329322,-0.37385674,0.9903667432344204,30.0,0.008170473517406964,0.5865507497283923,2.181675317465598,0.507027042,0.5501107279768676,30.0,0.0068953051860744284,-0.16453207683546775,2.3901050929670635,-0.4580936,0.5450014123580231,31.0,-0.00012201114045618146,-0.144815293863703,1.9750260109645168,0.831920268,0.581722872614718,34.0,-0.005042489459783915,-0.27176806686401295,2.7285141001574664,-0.77343084,0.4830360346501847,37.0,-0.0034048788475390156,-0.1678445590217055,2.2486683620322303,1.037037037037037
-0.04593334200000001,0.8699444925899072,40.0,-0.014812608830732293,0.2193701040264908,2.2460766429472603,-0.28021700000000005,1.0680696485590253,28.0,-0.00335684273709484,0.3499091658264552,2.0330620271425563,0.5731208000000001,0.49690865806479967,35.0,-0.01363692494597839,-0.48433041089267614,2.61733765801919,-0.31338769,0.42756485767952734,32.0,0.001371454545018007,-0.6381385354881841,2.863577157849597,0.8787422600000001,0.45150722542908706,31.0,0.002693104105642257,-0.10653613246243411,2.6464481148553025,-0.8011796200000001,0.5124004675484554,27.0,-0.003715788667466986,-0.16820392811806345,2.6594425510947404,0.4814814814814815
0.30633332,1.0658517728007482,30.0,0.0007993232172869144,-0.41314153592241526,1.672214791280516,-0.13309916000000002,0.9777350871007824,29.0,-0.0063527731092436965,0.0525527057805627,2.227747555040736,0.502119464,0.503832249059559,30.0,-0.010867542415366145,-0.18493009876534927,2.539453433800522,-0.539866158,0.5155156950213982,37.0,-0.004344196316926769,0.2829830348446531,2.39886411276566,0.91859212,0.5378775818376758,34.0,0.007815313229291715,-0.5238092680820146,2.471859181482524,-0.8178119902000001,0.5201571835599335,32.0,-0.007552823441536614,-0.08063110987088877,1.899258030078656,0.25925925925925924
-0.0402062,1.002323470651845,32.0,0.007043907322929172,-0.05831371597700901,1.6000736803317384,0.120674382,0.9089349579355314,27.0,-0.02040980563265306,0.0014432950644766398,2.170289110372578,0.6402230820000001,0.43274295521332923,28.0,-0.0015592866026410573,-0.419777016235281,3.0686552673988508,-0.56268372,0.4824984527515935,34.0,-0.003906419399759905,0.05686924544251669,2.1170952128116336,0.917476678,0.5253869199365631,30.0,-0.0008745517454981992,-0.48126170323550693,2.8221213372958687,-0.8015400000000001,0.5389877891728904,30.0,0.00026332513805522173,-0.15270802448554174,2.0968940950947443,0.1851851851851852
-0.1773735,0.9296243120637981,33.0,-0.008731757743097238,0.2579856378812202,2.2497583217354244,0.18088282,0.9220518183063616,30.0,-0.021329494501800723,-0.19553792776566092,2.2271697410097646,0.6693943400000001,0.5487985733237873,35.0,-0.005989823721488596,0.00407323892253334,1.8480462452212851,-0.60918836,0.4640928095118372,32.0,-0.002689365570228091,-0.22842135770247649,2.423035676033876,0.9616188000000001,0.5284133826300769,30.0,-0.007011166386554621,-0.41392022681942836,2.3375672965956924,-0.9186255,0.6000628430760315,31.0,-0.0030741215366146455,0.18127286305126136,2.2842126353027528,0.1851851851851852
-0.11489934,0.8742872841259356,31.0,-0.00964891270108043,0.16355536439578966,2.1977658091051495,0.21662280000000003,0.9211303722558278,38.0,-0.015563673469387753,-0.2910227242342482,1.8279699293518412,0.63062982,0.5208902972143632,36.0,-0.006301756782713085,0.2021694049599874,2.03215911552278,-0.8415185000000001,0.4804503290457506,31.0,0.005037989195678274,0.23395205010376893,2.0762111399037098,0.7983607800000001,0.46423237717381544,32.0,-0.0019359633613445389,-0.05789160161061814,2.439258537052598,-0.9540516800000001,0.4527810963429211,29.0,0.006421000528211284,0.2333128565106532,2.1376154450908,0.2222222222222222
-0.179131872,0.9605785416402403,32.0,-0.011854901320528213,0.32947203746479137,2.01947949622103,0.3644502400000001,0.9809608913192323,33.0,-0.006757765954381752,-0.6840851728064076,2.2765819452754052,0.9280294334,0.47689104767559093,30.0,0.005608490555102041,-0.3712776629556828,2.03741078379701,-0.9114344142,0.4736773093987413,33.0,0.00663626797262905,-0.04125740298243722,2.051198214488791,0.8363401140000001,0.5021246410555619,34.0,0.0016668179255702278,-0.4843971714196551,2.464850111624176,-0.8057069979999999,0.5488934460966939,36.0,-4.819119807923179e-05,-0.11358312344965046,2.137743993725982,0.2962962962962963
-0.012861705999999994,0.9808999721445665,33.0,0.0017484223049219658,0.05293625623205767,1.7581953155529124,0.31310679999999996,0.9170200227328738,33.0,6.473680672268986e-05,-0.5050210899182103,2.2521454732360047,0.7991901,0.4856662833599322,31.0,0.001557876350540216,-0.01646943863835075,2.452979663621045,-0.7330857199999998,0.501053762269042,33.0,0.003295652052821128,0.32227272955971986,2.58683687484,0.7647293,0.5232425563464519,30.0,0.0005913985594237681,-0.4418692609204637,2.324070081805997,-0.9834515800000001,0.5367886766081449,33.0,-0.006596286050420169,0.4776688537425653,2.8123605602720816,0.2222222222222222
-0.1423202,0.953051762797992,31.0,0.005862939447779113,0.21761890535436912,2.287759315280064,0.13502018000000005,0.9099633063817176,27.0,0.006204017046818728,-0.17914347541697015,2.0928249133510186,0.87175628,0.567738915116871,34.0,-0.0023418555582232895,0.12646882194351658,1.829071135173737,-0.92943984,0.5607093867163045,26.0,-0.0025901787274909965,0.18828872143984615,2.1153874005498965,0.7631888000000001,0.5342682944211457,32.0,0.006494673709483794,-0.0053746183444625915,2.314966331621388,-0.9391462800000001,0.407236047180111,37.0,0.003973745882352941,0.07023944481815572,2.3691061901085377,0.25925925925925924
0.27343843999999995,1.0044550555316083,30.0,-0.008073973205282114,-0.26345183604136513,1.9312913070809197,-0.10076375200000003,0.9398500620755365,24.0,0.013867621915966386,0.20624497484309276,2.1517510277285212,0.6998275399999998,0.5312878793533017,32.0,-0.00317854900360144,0.06942038290111173,2.568446267602936,-0.90331104,0.48556988651377303,32.0,0.0037655083793517413,0.16821269676322761,1.8106361737641814,0.858154344,0.5682874650106919,36.0,0.006802340629051622,-0.45013524938232,2.1639636300025584,-0.8644092800000002,0.5037131038552417,29.0,-0.002960931380552221,0.5301137284769494,3.4358081433728875,0.1851851851851852
-0.10671521600000002,0.9952479956318858,35.0,0.014646959250900357,0.2561520732530964,1.8444146814125228,-0.30670577999999993,0.97779526330191,26.0,0.025339925330132056,0.3596907636238401,2.015038728886077,0.9159938,0.4614256012875315,34.0,0.006597789675870347,0.15445212406726783,1.760001537605849,-0.88123408,0.49696837650151704,32.0,0.005321884657863145,-0.004391583002920919,2.0858923593250944,0.864026048,0.554307437161892,33.0,-0.003856136624249699,-0.19295521845728586,2.241718499210578,-0.9002901,0.5335157920707596,35.0,0.0017668327971188478,0.042463571280408195,2.5423839025626314,0.1851851851851852
0.19254688,0.9187615107603201,30.0,0.0010089463625450178,-0.3000925875083903,2.140138767446837,-0.42446528000000006,1.0447619359622755,27.0,0.014434174693877545,0.6873221866079321,2.2882638320807085,0.96922018,0.526401219588621,36.0,-0.002701062328931572,-0.17184401557873644,2.1648115821527947,-0.9943197599999999,0.5357866208695607,28.0,-0.0012534127250900368,0.1621269732054724,2.2529240971267144,0.8714911800000001,0.5498194949624718,34.0,-0.003252051140456181,-0.24212852930705425,2.2913167298440573,-0.86903796,0.5848112098789133,33.0,0.0114277331092437,-0.0568630321759417,1.7950722787746274,0.1111111111111111
-0.15192626000000004,1.0237975488083142,35.0,0.014379947418967596,0.3969770378522087,2.0954233035231686,-0.5459903199999999,1.0102918924867097,27.0,0.018825798415366152,0.5299567062808935,2.1655187551667563,1.0609765800000002,0.49872530509722846,31.0,0.0006401871308523414,0.12397317806525666,2.1621474949545,-0.913818966,0.5246811964040952,33.0,0.00030833889555822297,-0.17683869129435462,2.203924761284826,0.8689629600000001,0.46303781842320224,36.0,-0.002935059591836738,-0.15568532967654136,2.539711535160135,-0.8027820200000001,0.5152772837907175,34.0,0.005342207298919568,-0.13662884791559624,2.0153706821664805,0.07407407407407407
-0.053969899999999994,1.0534592525222464,29.0,-0.022345405378151263,0.07693532919896169,1.6921759904003502,-0.4785803,0.9537387821347784,31.0,-0.0036202096998799527,0.6142391249830397,2.870306611767897,1.050393994,0.5553595202957178,33.0,-0.004451541267707081,-0.08352022285650273,2.060009908957643,-1.17467436,0.5134775326997963,27.0,-0.0031351111644657864,0.22071278663918192,2.304472549279527,0.8293564600000001,0.4748546448782495,35.0,-0.004748766050420166,-0.19814383819687387,2.981885373968535,-0.846218,0.4892369600183535,33.0,-0.0074329949579831954,0.058011038054479096,3.11481766479231,0.07407407407407407
-0.02856884000000002,1.1268177565844153,27.0,-0.015885053637454977,0.15224886409635366,1.430605788489701,-0.29995912,0.9319519899676301,23.0,0.0015588525330132066,0.40420138309700326,2.2575373236704364,1.2949355999999996,0.5205541645560431,31.0,-0.010813729651860742,-0.39444582346225654,2.073418823699786,-1.3145432,0.5283796698793018,34.0,0.0007275246098439364,0.45319573071087943,2.2556061569307566,0.8154203800000001,0.40131359184542403,33.0,-0.0005675832412965176,0.08135325169171248,2.452663766698662,-0.9308611999999999,0.5120911689675579,36.0,-0.0051392605042016775,-0.2570887320876045,2.819119891739964,0.0
0.15551884000000002,0.9252476858502563,27.0,-0.003961769219687876,-0.402104312930825,2.177605469005548,-0.13043296,0.9598399031773155,26.0,-0.01732144355342137,-0.283101068215769,1.9080240254815661,1.2806374,0.4827104298596002,30.0,-6.890708283313285e-05,-0.0025148022646211757,1.758079761397973,-1.0660524818,0.5593251737853601,31.0,-0.00584122555822329,0.13492950940830975,1.859202244112064,0.8666441800000001,0.47835336528678,32.0,-0.003861890660264106,-0.21193598137710154,2.726621724423242,-0.92105598,0.5421107049674075,33.0,0.005591650756302522,0.060962170593032626,1.9641457428767835,0.0
0.30127476,0.9970721339018267,26.0,-0.0020629731572629046,-0.27237878869934873,1.952364904228826,0.1896892,0.9713084523534015,29.0,-0.02206754026410564,-0.15213405023701781,1.714587383019458,1.255972,0.47928107776543816,28.0,-0.0021242660264105644,0.030235091778466533,1.9107918003909863,-1.2586757999999998,0.5032065527359117,33.0,0.004038573349339737,-0.24011382657082372,1.977454057976568,0.92247128,0.47862797735807466,29.0,0.0027216305402160863,-0.2893428083494485,2.4024667029200093,-0.89215954,0.5237439296500995,29.0,-0.0032655924609843933,0.4210770187614003,2.7074988233733146,0.1111111111111111
-0.006792800000000004,0.9917892736767019,32.0,-0.0019522180072028827,0.03481247658166582,1.822102008221677,0.23319532,1.006756256390641,29.0,-0.022741315822328936,-0.13575962832856966,1.6492676121771705,1.3236941999999998,0.47553226460920606,37.0,0.007572624729891956,-0.26457556553054984,2.190980897507973,-1.34605,0.5213287355364176,33.0,-0.0035022828331332527,-0.01668908417378733,2.065562978179404,0.8559499599999999,0.49308791913154637,33.0,0.005582962881152461,-0.11845384541800905,1.7292598628517488,-0.80278468,0.5093510766153514,35.0,-0.0026654733253301324,0.18265409408248448,3.0923061749937566,0.2222222222222222
-0.05938407599999999,0.9535873163527685,31.0,-0.011481516801920768,0.22405851464213825,1.6693408451027818,0.24081125999999997,0.889665395757929,29.0,-0.008430967058823527,-0.4740229846049973,2.2046789119173043,1.2887030000000002,0.524926027753435,30.0,0.0058982036014405765,0.08680362099072217,2.009843934541785,-1.278861,0.45784394101593173,31.0,-0.0014098857142857144,-0.10777428421519329,1.8785830483826336,0.781422256,0.5185407221845274,32.0,0.0035562040432172855,-0.2840598807231676,2.751465976972906,-0.7958614,0.5504406435950747,30.0,0.010094876350540218,-0.2029686967172967,2.3733332686546,0.1111111111111111
-0.006431660000000013,1.041510939549261,31.0,-0.01122379731092437,-0.16389296039994658,1.7473372586262566,0.12257347600000001,0.909778473650353,35.0,-0.005197074756302525,-0.47915237028311025,2.4834433072768567,1.3349254,0.47711877009067666,36.0,0.0004931846338535417,0.06798265172043597,1.8274314014601378,-1.5044418000000002,0.5029131945522607,32.0,0.004729987515006005,0.2817457386194597,2.1968647845525693,0.741202874,0.47420447146711087,37.0,-0.007263644355342135,-0.09941601188291756,1.9440686341998228,-0.8825850000000002,0.5032745526698126,30.0,-0.010807655702280915,0.27587485429231645,3.516918915332264,0.037037037037037035
-0.07760926000000001,0.9633603219613482,32.0,0.013667219831932769,0.2192371788155006,1.9710975534079251,0.07137439999999998,0.8633231063118837,32.0,0.006129268091236496,-0.13030668708948606,1.9960530906419387,1.4435213999999998,0.41092357419359626,35.0,0.0021206199279711884,0.05836959985590082,2.1254704715002113,-1.4754463800000002,0.5622883678029589,34.0,0.0023709834813925574,0.6392671260579422,2.8993052864561775,0.87291858,0.5505199567540523,27.0,0.0003250439855942387,-0.15202681847629726,2.635042952030397,-0.689160454,0.4776728592253905,31.0,-0.006434286228091236,-0.11594008148375769,2.096986018966199,0.037037037037037035
